"ID","age_v1","marital_v1","drink_four_preg_v1","drink_four_preg_v2","GEST_AGE_DELIVERY","bb_sex","bb_weight","ethnicity_v1","MULT_BIRTH","drink_ever_v1","drink_12m_v1"
"9746404",34,,3,,41.3,1,3760,10,1,1,1
"9535843",28,1,3,,40.1,1,3070,3,1,1,1
"9337986",28,1,3,,39.9,1,3390,10,1,1,1
"9000961",35,,3,,40.6,1,3400,10,1,1,0
"9278798",34,,3,,41.3,2,3500,10,1,2,0
"9687898",42,2,3,,37.6,2,2650,10,1,1,0
"9501822",32,1,3,,39.7,1,2900,10,1,1,1
"9693844",37,,3,3,37.1,2,2170,6,1,1,1
"9745640",32,,3,,39.9,2,3020,10,1,1,1
"9836029",34,1,5,,40.4,1,3000,10,1,1,1
"9528447",34,1,3,,40.9,2,3570,10,1,1,1
"9533602",36,2,3,,40.1,1,3340,10,1,2,0
"9847709",30,1,3,,40.4,1,3300,8,1,3,
"9632013",40,,3,,38.1,2,3220,7,1,1,1
"9067463",41,7,,,38.6,2,3260,99,1,1,0
"9549232",31,,3,,38.3,2,3390,10,1,1,1
"9368848",36,1,3,,40.6,1,3390,10,1,1,0
"9819464",31,1,3,3,41.3,2,3580,10,1,1,1
"9052300",32,,3,,38.9,2,3660,10,1,1,1
"9378612",34,1,3,,40.6,2,3440,4,1,1,0
"9127629",31,1,,3,40.3,1,3730,1,1,1,0
"9850306",33,1,3,,38.4,1,3500,3,1,2,0
"9350222",39,1,3,,39.7,1,3230,10,9,1,1
"9680970",30,1,3,,40.6,1,3650,3,1,1,1
"9246137",38,2,3,,38.4,2,3080,8,1,2,0
"9846055",40,1,3,,38.3,1,3160,10,1,2,0
"9163613",,,,,40.6,1,3450,3,1,1,0
"9488285",32,1,3,,36,1,3330,10,1,1,1
"9625749",36,1,3,,37.6,2,2650,10,1,1,1
"9593968",40,1,3,,38.1,1,3560,7,1,1,1
"9415018",37,,3,,38.1,2,4020,10,1,2,0
"9564351",30,1,3,,38.4,1,4000,10,1,1,1
"9819344",33,1,3,,39.1,2,3480,10,1,1,1
"9188669",41,2,3,,40.3,2,3440,10,1,1,0
"9675160",38,,3,,41.4,1,3740,10,1,3,
"9039408",,,,,39.4,1,3260,10,1,1,1
"9616256",37,2,3,,38.6,2,3620,10,1,1,0
"9023566",39,1,3,,39.9,1,3680,8,1,2,0
"9566730",34,,,,39.1,1,3460,8,1,1,1
"9541333",31,1,5,,40.3,2,3220,10,1,1,1
"9581975",32,1,3,,38.4,2,3140,10,1,2,0
"9333399",41,,3,5,39.9,2,3750,10,1,2,0
"9517262",33,1,3,,40.6,1,2850,8,1,1,1
"9593011",35,1,3,,40.4,1,3500,10,1,2,0
"9554796",30,1,3,,39.4,1,3090,3,1,1,0
"9421594",33,1,3,,35.6,1,2700,1,1,1,1
"9750551",39,,3,,40,1,2760,10,1,1,1
"9432821",36,1,3,,40.6,1,3540,10,1,1,1
"9129276",30,1,3,,39.1,1,3400,10,1,1,0
"9694776",28,,3,,39.3,2,3680,8,1,1,1
"9717384",38,1,3,,38.7,1,2840,10,2,1,0
"9234029",34,2,3,,41.3,1,3990,10,1,1,1
"9137056",37,1,3,,41.9,2,3710,8,1,1,1
"9119759",41,1,3,,39.9,1,3870,10,1,1,1
"9417644",35,1,3,,40.1,1,3480,10,1,1,1
"9199421",32,,3,,41.1,2,3530,10,1,1,1
"9340720",36,,3,,40.7,2,2920,10,1,1,1
"9070980",33,1,3,3,38.7,1,3680,9,1,1,1
"9778540",,,,,39,2,2730,11,1,1,1
"9430011",28,1,3,,40.9,2,3340,9,1,1,0
"9381477",32,1,3,,39.9,1,3450,5,1,1,1
"9861260",33,,3,,41.3,2,3700,10,1,1,1
"9483806",37,,3,,38.7,2,3740,10,1,1,1
"9580087",39,,3,,38.4,2,3370,5,1,1,1
"9692548",35,,3,,37.1,1,3150,11,1,1,1
"9379032",33,,3,,36.1,2,2170,1,1,1,1
"9645758",32,1,3,,39,1,2980,10,1,1,0
"9867282",32,,3,,40.7,1,3180,10,1,1,1
"9066847",35,1,3,,38.9,2,2932,10,1,1,1
"9881673",29,1,3,,40.3,2,3500,99,1,2,0
"9062816",35,1,3,,36.7,1,3330,10,1,1,0
"9769489",,,,,39,2,2640,10,1,1,1
"9447682",30,1,3,,40,1,4660,5,1,1,1
"9736133",34,1,3,,41,1,3780,2,1,1,1
"9824011",42,2,3,,37.9,1,3230,10,1,2,0
"9289876",40,2,3,,38.3,2,4160,4,1,2,0
"9626308",30,1,3,,39.9,2,3630,2,1,2,0
"9459657",32,,3,,40.1,2,3540,10,1,1,1
"9306691",43,,3,,39.4,1,3090,10,1,1,1
"9242765",33,1,3,,40.6,2,3200,3,1,1,0
"9110225",39,1,3,,39.7,1,3030,10,1,1,1
"9758527",34,1,3,,38.7,2,2500,10,1,1,1
"9782783",29,1,3,,40.3,1,3070,1,1,1,1
"9570254",37,2,3,,40.1,1,3440,11,2,1,1
"9150681",38,1,3,,40.6,1,4230,10,1,1,1
"9477623",38,,3,,37.1,1,1750,5,1,1,1
"9246270",30,1,3,,40.4,1,3740,10,1,1,1
"9604236",31,1,3,,39.7,1,3390,10,1,2,0
"9044923",39,,3,,38.1,2,3380,99,1,1,1
"9029339",33,,3,,41,1,3410,4,1,3,
"9174692",35,,3,,38.9,2,2932,2,1,1,1
"9844017",32,1,3,,34.7,1,1470,10,1,1,1
"9490282",36,1,3,,37.1,1,3150,10,1,1,1
"9788785",41,2,1,,39.6,1,3335,8,1,1,1
"9348169",35,1,3,,39.1,1,3280,8,1,1,1
"9684945",34,,3,,40.9,1,3520,10,1,1,1
"9713945",41,1,3,,38.7,2,3590,10,1,1,1
"9235212",34,1,3,,40.7,1,3280,10,2,1,0
"9506255",29,1,3,,39.7,2,4320,5,1,1,1
"9179188",39,1,3,,39.3,1,4000,10,1,1,1
"9059659",34,2,3,,38,2,2530,10,1,1,1
"9527783",30,1,3,,40.6,2,3290,8,1,1,1
"9549290",30,1,3,,38.6,2,2540,1,1,1,1
"9738370",33,1,3,,39.7,1,3300,10,1,2,0
"9268270",42,2,3,,40.3,2,3060,6,1,1,0
"9846508",28,,3,,35.1,1,2270,8,1,1,1
"9516442",34,1,3,,38.7,2,3560,7,1,1,1
"9571769",30,,3,,38.3,1,3220,10,1,1,1
"9321121",36,2,3,,38.7,1,3430,10,1,1,1
"9407289",35,1,3,,37.4,2,2700,10,1,1,1
"9570145",30,1,3,,40.3,1,3700,10,1,1,1
"9700952",29,1,3,,39.3,2,3220,10,1,1,1
"9225831",31,,3,,39.3,1,3680,10,1,1,0
"9534497",40,2,3,,39.6,1,3420,11,1,1,0
"9698810",39,2,3,,39,1,3520,10,1,1,1
"9267446",31,1,3,,42.1,1,3280,10,1,1,1
"9614247",33,1,3,,39.3,2,3670,10,1,1,1
"9658580",37,1,3,,38,1,3070,10,1,1,0
"9250967",28,,3,,36.1,2,3030,10,1,1,0
"9217566",29,,3,,38.7,1,2610,10,1,1,1
"9187829",31,1,3,,39.3,2,3450,10,1,1,1
"9855682",31,1,3,,39,2,3730,10,1,1,1
"9369462",34,,3,3,35.3,1,2590,6,1,2,0
"9035277",41,1,3,,38.9,2,3770,1,1,1,1
"9866280",33,1,3,,39.7,1,3010,10,1,1,1
"9006570",34,1,3,,39.7,2,3830,10,9,1,1
"9775677",32,1,3,,39.4,2,3000,4,1,1,0
"9337683",31,,3,,40.4,2,3250,2,1,1,1
"9494112",36,1,3,,40.7,1,3390,10,1,1,1
"9561248",34,1,3,,39.6,2,2890,6,1,1,1
"9853414",26,1,3,,40,2,3220,10,1,1,1
"9033982",33,1,3,,40.6,1,3580,10,1,1,1
"9178210",32,1,3,,40.3,1,3360,5,1,1,0
"9328837",37,1,3,,39.1,2,3810,10,1,1,1
"9701645",34,1,3,,40.1,2,3890,10,1,1,1
"9376631",36,1,3,,37.4,2,2650,10,1,1,1
"9076318",24,1,3,,40.4,1,4230,10,1,1,1
"9363456",29,1,3,,41.1,1,4715,10,1,1,0
"9041063",28,,3,,39.4,1,3820,10,1,1,1
"9756364",34,1,3,3,38.6,1,2650,10,1,1,0
"9619437",33,1,3,,38.9,2,3230,10,1,1,1
"9656813",34,1,3,,39.1,1,3390,10,1,1,1
"9378316",33,1,2,,34.9,1,2240,10,1,1,1
"9331107",32,1,3,3,40,1,3320,10,1,1,1
"9492749",31,1,3,,37.4,2,3300,8,1,2,0
"9872894",42,7,3,,39,1,3020,10,1,1,1
"9896695",35,,3,,39.6,1,3120,11,1,1,1
"9743282",34,1,3,,38.4,2,3530,10,1,2,0
"9442024",35,1,,,39.6,2,3310,10,1,1,1
"9413461",38,1,3,,40.1,2,3510,11,1,1,1
"9632493",28,1,3,,40.3,1,4230,10,1,1,1
"9206588",41,1,,,35.4,1,2160,8,1,1,0
"9245819",34,1,3,,39.4,2,3210,10,1,1,1
"9513859",32,1,3,,38.4,2,2620,10,1,1,1
"9224994",32,1,3,,39.7,2,2980,10,1,1,0
"9189261",29,,3,,40.3,1,3040,10,1,1,1
"9714794",31,1,3,,40.1,1,3420,2,1,1,1
"9723357",33,1,3,,40.6,1,2850,10,1,1,1
"9818421",34,1,3,,40.7,2,3600,10,1,1,0
"9080532",38,,,,37.1,2,1800,1,1,1,1
"9508014",33,1,3,,40,1,3430,10,1,1,1
"9541829",36,1,3,,39.1,2,2930,1,1,2,0
"9437363",33,1,3,,40.3,1,3400,10,1,1,1
"9476181",29,1,3,,40.6,1,3600,10,1,1,1
"9520013",32,,3,,39,2,3330,10,1,2,0
"9283355",39,1,3,,38.9,1,3160,2,1,1,1
"9173847",40,2,3,,32.1,2,2290,10,1,1,1
"9367307",28,1,3,,39.1,2,3200,10,1,1,1
"9581950",29,1,3,,40.7,1,3470,10,1,1,1
"9070035",33,,3,,40.1,1,2960,1,1,1,1
"9098658",33,1,3,,39,1,3400,10,1,1,1
"9013963",31,1,5,,39.3,1,3880,5,1,2,0
"9033369",44,2,3,,37.7,1,2990,2,1,1,1
"9861305",41,2,3,,40.3,2,3720,10,1,2,0
"9558933",30,,3,,39.1,1,3150,10,1,1,1
"9585090",43,,,,39.6,1,3540,10,1,3,
"9420282",30,1,3,,40.1,2,3690,8,1,1,1
"9827242",38,8,3,,34.4,2,2450,10,1,1,1
"9828987",28,1,3,,39.3,1,3860,10,1,1,0
"9580320",30,1,3,,39.9,2,3300,2,1,1,1
"9880440",35,,3,,39.4,1,3850,5,1,1,1
"9079438",33,1,3,,40.1,1,3820,10,2,1,1
"9005067",30,1,3,,37.4,1,3200,10,1,1,1
"9189274",36,,3,,40.3,1,3480,99,1,2,0
"9131040",43,,3,,39.6,1,4030,8,1,1,1
"9671352",33,1,3,,38.7,2,3100,10,1,1,0
"9857417",34,,3,,39.1,1,4020,11,1,1,1
"9240529",37,2,3,,38.9,1,2550,10,1,1,1
"9047208",42,1,3,,35.6,1,1980,10,1,1,0
"9348718",32,,3,,38.9,1,3760,3,1,1,1
"9459455",37,2,3,,39,2,3050,99,1,1,1
"9354262",,,,,39.3,2,3290,10,1,2,0
"9462133",37,1,3,,40,1,4200,2,1,1,1
"9687319",32,1,3,,39.9,2,3020,10,1,2,0
"9224135",27,1,3,,39.7,2,3680,8,1,1,0
"9661896",42,,3,,38.9,2,3380,10,1,1,1
"9453874",32,1,3,,36,2,1980,10,1,1,1
"9369484",32,,3,,41,2,3140,2,1,1,1
"9770081",33,2,3,,40.4,1,3010,10,1,1,1
"9618048",38,1,,,38.3,2,3220,10,1,1,1
"9552618",34,2,2,,41.3,1,3500,10,1,1,1
"9620004",37,1,3,,39.7,1,3190,10,2,1,1
"9043574",28,1,3,,40.1,1,3300,2,1,1,1
"9848807",29,1,3,,35.7,1,2160,10,1,2,0
"9338310",39,1,3,,40,2,3680,10,1,2,0
"9303656",29,1,2,,38.6,1,3288,10,1,1,1
"9727692",31,1,3,,39.6,2,3430,7,1,2,0
"9718157",,,,,39,1,3760,99,1,1,1
"9400616",31,1,3,,41.1,2,4320,10,1,1,1
"9235089",35,1,3,3,41,1,3690,2,2,1,1
"9107585",32,,3,,39.3,2,3670,10,1,1,1
"9607511",39,1,3,,40.4,2,3680,10,1,3,
"9729014",31,,3,,41.1,1,4050,10,1,1,1
"9494357",35,2,3,,41,1,4610,10,1,1,1
"9338398",25,,3,,40,2,3040,99,1,1,1
"9532972",32,1,3,,40.1,1,3440,10,1,1,1
"9666440",42,5,3,,38.6,1,3390,10,1,2,0
"9098677",30,,,,40.3,1,3360,8,1,1,0
"9878474",35,1,3,,41.1,1,4040,11,1,1,1
"9289032",30,1,3,,39.9,2,3540,10,1,1,1
"9419638",32,1,,,40.1,2,3360,10,1,1,1
"9000160",39,2,3,,38.4,2,3235,8,1,1,1
"9231744",34,1,3,,38.4,2,3330,5,9,1,1
"9376379",28,1,3,,39.3,1,3750,6,1,1,1
"9783972",32,1,3,,39.1,2,2930,10,1,2,0
"9800157",35,1,3,,40,2,3410,2,9,1,1
"9299719",34,1,3,,37.3,2,2750,8,1,1,0
"9262637",41,,3,,40.1,1,3280,3,1,1,1
"9269690",27,1,3,,39.1,2,3050,10,1,2,0
"9191397",33,1,1,,39.7,1,2850,10,1,2,0
"9456730",28,1,,,39.3,1,2660,10,1,1,1
"9078136",35,1,3,,41,2,3560,6,1,1,1
"9135879",,,,,30.7,2,1440,10,1,1,1
"9237200",37,,3,,41.1,1,3630,10,1,1,1
"9210332",36,1,3,,39.7,1,3150,10,1,2,0
"9849004",40,1,3,,38.7,2,2870,10,1,1,0
"9434331",35,1,3,,39.1,1,3380,3,1,1,0
"9538824",32,1,3,,40.7,1,3150,10,1,1,0
"9616447",34,1,3,,40.1,2,3223,9,1,1,1
"9861976",23,,3,,40,2,3400,10,1,1,1
"9697388",36,,,,40.6,2,3350,10,1,1,1
"9532900",39,,3,,39.7,2,3620,8,1,1,1
"9459574",34,1,3,3,41,1,3500,99,1,1,1
"9332421",34,1,3,,36.6,1,3440,8,1,1,0
"9544597",32,1,3,,39,1,3200,9,1,1,1
"9304168",36,1,3,,39.9,1,3190,11,1,1,1
"9489891",35,,3,,39.1,1,4270,10,1,1,1
"9409759",37,,3,,41.1,1,3830,10,1,1,1
"9502944",34,1,3,,35.1,1,2950,3,1,1,1
"9002949",31,,3,,39.1,2,3400,99,1,1,1
"9854958",35,2,3,,40,2,3490,10,1,1,0
"9688179",33,1,3,,38.7,2,3000,10,1,1,0
"9418538",32,1,3,3,39.1,1,3060,10,1,1,1
"9248185",32,1,3,,39.4,2,3770,10,1,1,1
"9585205",33,1,3,,40.9,2,4245,10,1,1,1
"9394941",35,1,3,,38.3,2,2810,6,1,1,0
"9752998",39,,3,,38.4,2,3370,10,1,1,1
"9657723",34,1,,,39.7,2,3660,5,1,3,
"9262073",32,,3,,40.4,2,3750,10,1,1,0
"9531144",32,1,3,,39,1,2600,10,1,1,1
"9354264",32,,3,,40.9,1,3980,10,1,1,1
"9433543",31,1,3,,40.6,2,3350,10,1,2,0
"9084684",36,2,3,,41.9,2,3305,10,1,1,1
"9441851",37,,,,38.7,1,2810,2,1,1,0
"9313326",32,1,,,41,1,3985,10,1,2,0
"9794716",31,,,,38.1,2,3070,10,1,1,1
"9232965",34,1,3,,37.4,2,2810,10,1,1,1
"9092442",31,1,3,,40.4,2,3000,5,1,1,1
"9891452",30,1,3,,38.9,2,2890,1,1,1,1
"9128468",28,,3,,41.3,2,4715,10,1,1,1
"9709246",33,,3,,40.1,1,4310,10,1,1,1
"9626215",41,1,,,35.4,1,2700,10,1,1,1
"9789711",30,,3,,40,2,3360,10,9,2,0
"9856967",32,1,3,,39,1,3180,10,1,1,1
"9465589",32,1,,,40.7,2,3730,8,1,1,0
"9284287",37,2,3,,36.3,1,2210,10,1,1,1
"9165252",34,1,,,38.7,2,3050,10,1,1,1
"9011654",34,1,3,,39.3,1,3220,3,1,2,0
"9730528",34,,,,39.1,1,3690,3,1,1,1
"9311397",39,1,2,,37.3,2,2550,10,1,2,0
"9818962",36,1,3,3,39.3,2,3600,10,1,1,1
"9882516",42,,3,,39.3,2,3540,99,1,1,1
"9164155",34,1,3,,39.3,2,3380,10,1,1,1
"9729388",41,1,3,,38.6,2,3050,8,1,1,1
"9619476",37,1,3,,39.9,2,3440,3,1,2,0
"9171495",36,,3,,40.4,2,4110,10,1,1,1
"9246062",32,1,3,,39.3,2,3690,10,1,1,1
"9782493",39,1,3,,38.9,2,3590,10,1,1,1
"9018084",39,1,,,39,1,3360,10,1,1,1
"9305535",36,1,3,,40.7,1,3360,10,1,1,1
"9075963",34,,3,,37.1,1,3140,8,1,2,0
"9429443",25,1,3,,38.9,2,2540,2,1,1,1
"9599271",30,1,3,,40.1,2,3790,8,1,1,1
"9692623",28,1,3,,39,3,3780,6,1,2,0
"9339255",35,,3,,37.3,1,2990,10,1,1,1
"9266728",40,1,3,,38.7,2,3590,10,1,1,1
"9379808",36,1,3,,39.4,2,3430,3,1,1,1
"9132679",37,2,3,,38.1,2,3620,10,1,1,1
"9428541",36,1,3,,39.3,1,4000,5,1,1,1
"9578645",30,1,3,,40.6,2,3840,10,2,2,0
"9240892",33,1,3,,34.9,1,2950,6,1,1,1
"9736241",32,1,3,,40.3,2,4150,10,1,1,0
"9531836",30,,3,,41.4,2,3700,10,1,1,1
"9370160",36,5,3,,38.3,1,3230,10,1,2,0
"9651798",33,,3,,37.6,1,2810,8,1,2,0
"9029285",30,1,3,,40.7,2,3490,10,1,1,1
"9724363",31,1,3,,38.7,1,3200,10,1,2,0
"9044716",27,1,3,,40,2,3380,10,1,1,1
"9405532",35,2,3,,39.4,1,3050,8,1,2,0
"9827212",38,,3,,37.1,1,2600,10,1,1,1
"9359635",37,1,3,,39.9,1,3005,11,1,1,1
"9724784",33,,3,,38.9,1,2675,10,1,1,0
"9840021",32,1,3,,40.7,1,3150,2,1,1,1
"9384291",29,1,3,,40.3,2,3380,99,1,1,1
"9203070",,,,3,38.4,1,3420,10,1,1,0
"9739996",29,1,3,,40.6,1,3250,10,1,1,1
"9498929",34,1,5,,40.4,2,3860,10,1,1,0
"9126249",33,1,3,,38.9,2,3140,10,1,1,1
"9775491",,,,,39.4,1,3380,5,1,1,1
"9247783",32,,3,,38.3,2,2705,4,1,1,0
"9539358",28,1,3,,40.9,1,3760,10,1,1,1
"9216427",27,1,3,,39.3,2,3680,8,1,1,1
"9838607",31,1,3,,40.9,2,3460,10,1,1,1
"9743763",30,2,3,,38.6,1,3570,10,1,1,1
"9431637",32,1,3,,40.7,1,3620,3,1,1,0
"9164508",32,1,3,,39.1,1,3450,10,1,1,1
"9684558",31,1,3,,40.7,2,3620,10,1,1,1
"9697697",34,,3,,41.1,1,4310,11,1,1,0
"9280012",30,,3,,30.6,2,2290,10,1,2,0
"9649279",39,2,3,,40,1,3430,3,1,1,1
"9846916",35,1,3,,40.3,1,3350,3,1,1,1
"9842410",34,1,3,,40.7,2,3800,8,2,1,1
"9403135",25,1,3,,38.9,1,2675,10,1,2,0
"9000852",34,1,3,,39.6,2,3120,7,1,1,0
"9734701",38,1,3,3,38.9,2,2700,5,1,1,0
"9038958",34,1,3,,,1,1280,2,1,1,0
"9688329",33,1,3,,38.4,2,2700,10,1,2,0
"9614762",33,1,3,,40.1,2,3120,2,1,1,0
"9298611",32,,3,,38.3,1,2650,10,1,1,1
"9808976",33,1,3,,38.3,2,3000,5,1,2,0
"9203917",38,1,3,,40,2,3640,6,1,1,1
"9745399",31,1,3,,39.6,1,3090,10,1,1,1
"9575897",33,1,3,,34.9,1,2710,2,1,1,0
"9467999",35,1,3,,38.9,2,3640,10,1,1,1
"9659955",37,2,3,,36.6,1,2210,10,1,1,1
"9702611",33,1,3,,39,2,3280,10,1,1,1
"9076131",33,1,3,,41.1,1,3830,6,1,1,1
"9211007",35,,3,,39.4,1,3440,10,1,1,1
"9156319",37,2,3,,41.9,1,3270,10,1,1,1
"9173515",35,,3,,37.9,2,2950,10,1,1,1
"9011993",34,2,3,,40.9,1,3680,8,1,1,0
"9184407",33,1,,,39.6,1,2560,7,1,2,0
"9099151",29,1,3,,40.4,2,2890,10,1,1,1
"9807489",37,1,3,,39.3,2,3300,1,1,2,0
"9531925",28,1,3,,39.9,1,3500,8,1,1,0
"9007645",35,2,3,,39.7,1,2940,10,1,1,1
"9376488",30,1,3,,41.3,1,4050,10,1,1,1
"9741642",34,1,3,,37.7,1,3050,8,1,2,0
"9296908",29,1,3,,41.1,1,3790,1,1,1,0
"9527788",39,2,3,,39,1,3360,10,1,1,1
"9521160",40,1,3,,39.7,1,3510,10,1,1,1
"9754505",29,1,3,,39.6,1,3390,3,1,1,1
"9058167",28,1,3,,37.7,2,3300,3,1,1,0
"9265442",33,1,3,,40.1,1,3820,99,1,1,1
"9621269",31,,3,,38,2,3400,10,1,1,1
"9521022",43,3,3,3,38.7,2,2870,10,1,2,0
"9639054",36,1,3,,40.1,1,2950,6,1,1,1
"9607848",36,,3,,40,1,3340,6,1,1,0
"9371913",29,1,3,,38.9,2,2910,4,1,1,1
"9541073",35,1,3,,39.4,1,3820,3,1,1,0
"9217599",31,,3,,39,2,3010,10,1,1,1
"9534773",27,1,3,,40.1,2,2760,11,1,1,1
"9332405",35,1,3,,38.7,1,3300,10,1,1,1
"9439725",31,1,3,,40.7,2,3530,10,1,1,1
"9419915",34,1,3,,39.3,1,3100,10,1,1,1
"9319698",28,1,3,,39.7,1,3860,8,1,2,0
"9173473",36,1,3,,38.4,2,3140,2,1,3,
"9437112",28,1,,,39.3,2,3270,10,1,1,1
"9107909",34,1,5,,38.7,1,3680,10,2,1,1
"9188718",34,1,3,,37.3,1,3430,5,1,2,0
"9052324",32,1,3,,37,1,3060,10,1,1,1
"9663634",40,,3,,39.4,2,3320,10,1,1,1
"9330116",30,1,3,,40.9,2,3790,1,1,1,1
"9303505",36,1,3,3,38.9,2,3570,10,1,1,1
"9175100",33,1,3,,39.4,1,3180,10,1,1,0
"9842794",38,1,5,,38.6,2,2700,9,1,2,0
"9049657",34,1,3,,41,1,3310,10,1,1,0
"9844687",32,1,3,,40.7,2,3530,2,1,1,1
"9630869",44,1,3,,37.9,2,3310,10,1,1,0
"9422540",30,1,3,,38.6,1,2815,10,1,1,1
"9653329",34,1,3,,39.3,2,3210,10,1,1,1
"9263381",41,,5,,39,2,3645,10,1,1,1
"9354992",32,,3,,38.3,1,3100,11,1,2,0
"9631962",35,1,3,,39.7,2,3400,10,1,1,1
"9440483",32,1,3,,41,1,3600,10,1,1,1
"9832883",34,1,,,39.1,2,2720,10,1,1,0
"9521026",39,1,3,,39.9,1,3830,10,1,1,1
"9201317",35,2,3,,38.3,1,3300,10,1,1,1
"9315202",29,1,3,,40.6,1,2470,9,1,1,1
"9651074",39,1,3,,40,2,3680,10,1,1,1
"9446032",37,,3,,38.1,2,4020,11,1,1,1
"9539434",30,1,3,,40,2,3300,8,1,2,0
"9063998",35,1,3,,39.4,2,3670,10,1,1,0
"9272914",34,2,3,,39.9,2,2860,10,9,1,1
"9496992",35,1,3,,40.6,1,3460,1,1,1,1
"9409356",27,,3,,41.1,2,3840,10,1,1,1
"9210181",36,1,3,,39.6,1,2910,10,1,1,1
"9007101",34,1,3,,38.6,1,3300,99,1,1,1
"9106686",32,1,3,,39.6,1,2740,10,1,1,1
"9588210",30,1,3,,37.4,1,2810,10,1,1,1
"9089487",37,1,3,,39.7,2,3260,10,1,1,0
"9041075",32,1,3,,40.1,1,3290,10,1,1,1
"9383898",33,1,3,,38.1,1,3670,10,1,1,1
"9145659",38,,3,,39.3,1,4270,10,1,1,1
"9882870",32,2,3,,38.6,2,3160,10,1,1,1
"9763277",31,1,3,,38.7,1,3570,8,1,1,1
"9650766",39,1,3,3,39.7,1,3455,10,1,1,1
"9856471",42,,3,,39.7,2,3090,10,1,1,1
"9283907",36,1,3,,39.7,2,4140,1,1,2,0
"9765748",40,1,3,,39.7,1,2950,2,1,1,0
"9403347",38,,3,,40.9,1,3850,10,1,1,1
"9419496",32,1,3,,41,1,3600,3,1,1,1
"9704901",34,1,3,,40.9,2,3520,11,1,1,1
"9132316",33,,3,,38.6,2,3160,3,1,1,1
"9260251",33,1,3,,39.3,1,3800,10,9,1,1
"9184579",32,1,3,,38.4,2,3235,8,1,1,1
"9829214",,,,3,39.4,1,3460,10,1,1,1
"9727058",42,1,3,,40.4,1,3470,8,1,1,1
"9028000",32,,3,,41.1,1,3620,5,1,1,1
"9514473",38,1,3,,37.9,2,3370,10,1,1,1
"9249822",,,,,39,1,2620,3,1,1,0
"9583166",32,1,3,,39.1,2,3780,5,1,1,0
"9516931",32,,3,,39.3,1,2970,10,1,1,0
"9779135",36,1,3,,38.1,2,3570,8,1,1,0
"9535421",42,,3,,38.9,1,2810,9,1,2,0
"9828566",30,1,3,,38.6,1,3040,10,1,1,1
"9787880",29,1,3,,39,1,3530,8,1,1,1
"9122568",39,7,3,,38.9,1,3430,10,1,1,1
"9100364",36,1,3,,40.7,1,3360,10,1,1,0
"9857418",33,,3,,39.3,2,3270,10,1,1,0
"9685190",31,,3,,38.3,2,3180,3,1,1,0
"9331817",32,1,3,,39,2,3070,11,1,2,0
"9653200",32,,5,,40.3,2,3220,8,1,1,1
"9036592",30,2,3,,38.9,1,3742,10,1,1,1
"9363349",43,,3,,39.1,1,3670,10,1,1,1
"9541307",32,1,5,,41.1,1,4060,5,1,2,0
"9717100",30,1,3,,38.9,1,3742,10,1,2,0
"9428787",,,,,40.1,1,4470,8,1,1,1
"9761630",36,1,3,,37.1,1,3200,10,1,2,0
"9706712",36,1,3,,39.9,1,3005,1,1,1,1
"9851604",38,1,3,,40,2,3720,10,1,1,1
"9006217",28,3,3,,39.1,1,3860,10,1,1,1
"9038816",35,1,3,,39.9,1,3020,10,1,1,1
"9669737",34,1,3,,39.6,1,3140,10,1,2,0
"9454370",37,1,3,,38,1,3730,10,1,1,1
"9753532",33,1,3,,38.6,2,3780,10,1,2,0
"9105824",35,1,3,,39,2,3180,10,1,1,1
"9874060",33,1,3,,39.7,2,2720,10,1,1,1
"9357729",34,1,,,38.7,1,3170,8,1,1,1
"9552974",33,,3,,38.9,1,3390,10,1,2,0
"9738356",37,1,5,,37.4,2,2650,10,1,1,1
"9583057",33,1,3,,39,2,3630,10,1,2,0
"9196813",33,1,3,,38.7,1,3140,10,1,1,1
"9765848",35,,3,,40,1,3500,10,1,1,0
"9373739",31,1,3,,40.7,1,3790,10,1,1,0
"9794210",,,,,39,1,2620,2,1,1,0
"9376241",33,1,3,,40.7,2,3115,10,1,2,0
"9320840",38,1,3,,39.7,1,3350,10,1,1,0
"9104059",32,1,3,,40.3,1,3560,10,1,1,1
"9635336",41,,3,,40.1,2,3010,10,1,2,0
"9235663",35,1,3,,38.9,2,3150,10,1,1,1
"9242938",31,1,3,,40.1,1,3420,10,1,1,1
"9433013",28,1,3,,38.7,2,2630,3,1,1,0
"9342579",31,1,3,,40.7,2,3240,10,1,1,1
"9292357",31,1,3,,39,1,3200,10,1,1,1
"9729391",35,1,3,,38.9,2,3150,7,1,1,1
"9702844",36,1,3,,39.3,1,3600,10,1,1,1
"9046659",48,1,3,,37.9,2,3310,10,1,2,0
"9173937",41,1,,,37.6,2,3830,10,1,1,1
"9558244",29,1,3,,41.9,1,4560,10,1,1,0
"9246068",37,1,3,,37.6,2,3580,10,1,1,1
"9119332",31,1,3,,40.7,2,4270,10,1,1,1
"9697493",34,1,3,,38.7,1,3290,10,1,1,1
"9183793",31,,3,,36.1,2,2760,10,1,1,1
"9163222",37,,3,,41.3,1,3860,5,1,1,1
"9007359",37,1,3,,40.1,2,3085,10,1,2,0
"9476996",,,,,40.4,1,3160,10,1,1,0
"9617366",36,,3,,40.1,2,3570,10,1,1,1
"9881384",39,,3,,38.3,2,3280,5,1,2,0
"9059673",,,,,38.4,1,2900,6,1,1,1
"9637240",38,,3,,37.1,1,2815,5,1,1,1
"9523601",33,,3,,38.9,1,3190,10,1,1,0
"9381041",38,1,3,,37.9,1,3160,7,1,1,1
"9466487",33,2,3,,35.6,2,2500,10,1,2,0
"9046630",26,1,3,,40.4,1,3070,10,1,1,1
"9638305",30,1,3,,38.4,1,3720,10,1,2,0
"9541279",,,,,40.6,2,3530,10,1,2,0
"9580214",32,1,3,,40.6,2,3520,10,1,1,1
"9601431",28,2,3,,38,1,2810,9,1,2,0
"9830464",32,1,3,3,40.3,1,3990,1,1,3,
"9602293",30,8,3,,39.6,1,2740,10,1,1,1
"9108365",33,1,3,,39.1,1,3000,8,1,1,1
"9845815",32,1,3,,38.6,2,2630,10,1,1,1
"9832820",30,1,3,,40.6,1,3650,10,1,2,0
"9362737",35,1,3,,40.3,1,4090,10,1,1,1
"9343668",42,,3,,39.7,2,3100,10,1,1,1
"9704693",29,1,3,,39.6,3,3430,8,1,1,1
"9155657",31,1,,,40.6,2,3380,3,9,1,1
"9640599",35,,3,,39,1,3480,10,1,1,1
"9111660",,,,,38.9,1,3380,10,1,1,1
"9271791",35,1,3,,39.1,1,3095,10,1,1,0
"9813555",32,1,3,,39,2,2260,10,1,1,1
"9378922",32,1,3,,39.4,1,3530,10,1,1,1
"9478312",30,1,3,,38.1,1,3550,10,1,2,0
"9565925",36,,,,40.6,1,3175,9,1,1,1
"9092329",39,,3,,40.4,2,3630,10,1,1,1
"9640839",39,5,3,,39,1,3690,2,1,1,1
"9384268",32,,3,,37,1,3050,10,1,1,1
"9695345",40,1,3,,38.3,2,3495,2,1,1,0
"9375065",34,,3,,40.1,1,2980,10,1,1,0
"9250270",28,1,3,,37.6,1,2970,10,1,1,1
"9395073",31,1,3,,38.1,2,3240,2,1,2,0
"9061557",32,1,3,,39.9,1,3100,3,1,2,0
"9092547",34,1,3,,40.6,2,3890,10,1,2,0
"9878698",35,1,3,,39.3,2,4520,6,1,1,1
"9028569",27,1,3,,40.7,2,3470,10,1,1,1
"9691507",32,,3,,38.3,1,3170,10,1,1,0
"9188732",41,1,3,,39.9,1,3870,10,1,1,1
"9550433",30,1,3,,38.4,1,3720,6,1,1,1
"9295140",32,,3,,38.1,1,2600,1,1,1,0
"9528874",35,1,3,,39,2,4030,10,1,1,1
"9392964",26,1,3,,38.4,1,2250,11,1,3,
"9109394",31,,3,,38,1,3200,10,1,1,1
"9191750",38,,3,,41.4,1,3270,4,1,2,0
"9512209",30,,3,,40.3,2,3460,10,1,1,1
"9396321",36,1,,,37,2,3040,8,1,1,1
"9853157",42,1,3,3,39.6,2,3510,5,1,1,1
"9783061",33,,3,,41,2,3410,10,1,1,1
"9158085",33,,,,40.6,2,3290,8,1,2,0
"9179112",30,1,3,,38.6,1,3510,10,1,1,1
"9383448",31,1,3,,40.1,1,3720,10,1,1,1
"9540142",36,,3,,38.7,1,3410,10,1,1,0
"9828681",33,1,3,3,39,2,3840,10,1,1,0
"9754710",33,1,,,39.6,1,3360,8,1,2,0
"9582972",36,1,3,,37.9,2,3140,10,1,1,1
"9772528",29,1,3,,38.6,1,2810,5,1,1,1
"9367387",38,1,3,,35,1,2950,10,1,1,0
"9187548",28,1,,,40,1,3150,8,1,1,1
"9864214",32,1,3,,38,1,3020,10,1,1,1
"9188174",35,,3,,37.3,1,3520,10,1,1,0
"9193541",31,1,3,,38.9,1,3760,10,1,2,0
"9230361",31,1,3,,37.7,1,3660,10,1,2,0
"9141446",31,1,3,,38.7,1,2815,8,1,1,1
"9870728",31,,3,,38.7,2,3810,8,1,1,1
"9880818",32,1,3,,40.3,1,3400,3,1,1,0
"9589851",48,1,3,,37.7,2,2580,2,1,1,1
"9746704",34,,3,,38.3,1,2870,10,1,1,1
"9820081",38,1,3,,39.3,2,3010,5,1,1,1
"9311479",37,2,3,,38.7,1,3230,10,1,1,1
"9178466",32,1,3,,40.7,1,3410,10,1,1,0
"9218307",36,1,3,,37.6,1,3880,3,1,1,1
"9090668",39,1,3,,38,1,3340,8,1,2,0
"9853380",34,1,3,,38.9,2,3150,10,1,1,1
"9361365",31,1,3,,39.7,2,3820,10,1,1,1
"9234888",30,1,3,,39.1,1,4490,10,1,1,1
"9142722",40,2,3,,37,1,2815,10,1,2,0
"9016942",35,1,3,,40.1,1,3460,10,1,1,0
"9657097",33,,3,,39.3,1,3640,10,1,1,1
"9408511",35,1,3,,38.9,2,2770,10,1,1,1
"9379195",33,1,3,,40.9,2,4140,10,1,1,1
"9059991",37,1,,,40.4,2,3750,10,1,2,0
"9015683",36,1,3,,39.3,1,3430,10,1,1,0
"9832027",32,1,3,,39,2,2770,3,1,3,
"9011015",31,1,3,,40.1,2,3510,5,1,1,1
"9231939",33,1,3,,39.1,1,3130,10,1,1,1
"9341950",,,,,40.4,1,4470,8,1,1,1
"9443246",43,,3,,39.1,1,3020,1,1,1,1
"9374203",35,1,3,,41.1,2,4370,10,1,2,0
"9597191",,,,,41,1,4260,10,1,1,1
"9435966",28,,3,,39.3,2,3050,8,1,1,1
"9469081",34,,3,,37.9,1,4050,8,1,2,0
"9133902",42,1,3,,35.6,1,2500,2,1,1,1
"9377513",34,1,3,,40.7,1,3110,10,1,1,0
"9256852",41,1,,,40.3,1,3130,5,1,1,1
"9683860",30,2,,,40,2,2860,10,1,1,1
"9251666",33,1,,,40.3,1,3660,11,1,1,1
"9790928",37,1,3,,39,2,3050,10,1,1,0
"9030442",34,1,3,,40.6,2,3420,1,1,1,1
"9828470",35,1,,,39.4,2,3130,10,1,1,1
"9588143",34,1,3,,39.7,1,3450,5,1,1,1
"9650571",35,1,3,,39.7,2,3900,6,1,1,0
"9546945",,,,,39,1,2640,10,1,1,0
"9555001",31,1,3,,36.9,1,2210,11,1,1,1
"9312261",34,1,3,,40,2,3700,10,1,1,1
"9601313",32,,3,,37.6,1,2870,6,1,1,1
"9627718",34,1,3,,40,1,3970,11,1,1,1
"9654426",41,,3,,39,1,4260,8,1,1,1
"9453227",28,1,3,,40.6,2,2470,10,1,1,1
"9039388",33,1,3,,39.7,1,3010,10,1,1,1
"9579845",31,,3,,39,2,2760,10,1,1,0
"9580408",,,,,38.6,1,3380,10,1,1,0
"9393735",38,1,3,,40.6,1,3630,10,1,2,0
"9308327",28,,3,,39.3,1,3800,9,1,1,1
"9731591",30,1,3,,40.4,1,3650,3,1,1,1
"9023588",35,1,3,,41.4,1,4030,10,1,1,1
"9834684",37,1,,,37.6,2,3830,11,1,1,0
"9752603",40,1,3,,36.1,1,3040,10,1,1,0
"9621517",39,,3,,39.7,1,3620,10,1,1,1
"9417009",34,1,3,,40,1,3160,4,1,1,1
"9103323",40,2,3,,40.3,2,3600,10,1,1,1
"9367645",36,2,3,,40.9,1,3270,10,1,1,1
"9618278",42,1,3,,39.6,1,3330,5,1,1,1
"9183211",27,1,3,,38.4,1,2980,10,1,1,1
"9187910",33,,3,,38.6,2,3510,10,1,1,1
"9840751",32,1,3,,39,1,2600,8,1,1,1
"9171582",32,,3,,40.9,1,3980,10,1,1,1
"9051215",34,,3,,40.1,1,3480,4,1,1,1
"9776906",33,2,3,,40,2,2860,3,1,1,1
"9142586",34,,3,,38,1,2870,10,1,1,1
"9783565",31,1,3,,38.1,1,4090,10,1,1,0
"9506993",34,1,3,,37.7,1,3200,1,1,1,1
"9493480",35,1,3,,40.1,1,3730,10,1,1,0
"9173749",37,1,,,40.4,2,3175,1,1,1,1
"9443008",,,3,,38.9,2,2760,10,1,1,1
"9781400",30,,3,,41,1,3480,1,1,1,0
"9149263",34,,3,,40.9,2,3500,10,1,1,1
"9114319",29,1,3,,41.1,1,4030,8,1,1,1
"9868038",35,,3,,40.7,1,3480,10,1,1,0
"9635986",40,1,3,3,38.6,2,3030,10,1,1,1
"9087563",31,,3,,39.1,1,4490,10,1,2,0
"9820529",33,,3,,39.3,2,3555,10,1,1,1
"9169429",32,1,3,,40.1,2,3495,10,9,1,0
"9322741",31,1,3,,38.3,2,3490,10,1,3,
"9355961",29,1,3,,39.7,2,3010,10,1,1,1
"9068142",32,1,3,,39.4,2,2700,5,1,1,1
"9068557",35,1,3,,40.1,2,3620,2,1,1,1
"9596073",36,1,3,,40.6,1,2600,10,1,1,1
"9101179",32,1,3,,,1,2460,10,1,1,1
"9125378",32,,3,,38.7,2,3290,10,1,1,1
"9689656",49,2,3,,38.3,2,3190,1,2,1,1
"9762844",32,1,3,,39,2,3010,10,1,1,1
"9190821",,,,,41,1,3760,10,1,1,0
"9544516",33,1,3,,39,2,3400,10,1,1,1
"9778138",,,,,39,2,2780,11,1,2,0
"9483918",32,1,3,,40.1,1,3340,1,1,1,1
"9193959",43,1,3,,37.7,2,3830,10,1,1,1
"9429413",31,1,3,,40.9,2,3860,2,1,1,1
"9811742",30,,3,,40.3,1,3400,10,1,1,1
"9238537",40,1,3,,40,1,3640,10,1,1,1
"9159557",29,1,3,,40.4,2,3500,10,1,1,1
"9157617",31,1,3,,40.3,2,3270,10,1,1,1
"9510050",35,1,3,,40.1,2,3280,10,1,2,0
"9714406",28,1,3,,37.7,1,3050,8,1,1,1
"9785904",31,,3,,36.1,2,2760,10,1,1,1
"9074872",34,2,3,,40.9,1,3500,3,1,2,0
"9817796",32,1,3,,40.9,2,3790,3,1,1,1
"9011189",33,1,3,,39,2,3400,10,1,1,1
"9791888",33,,3,,37.1,1,3140,8,1,1,1
"9801845",41,1,5,,37.3,1,3350,10,1,2,0
"9600018",32,,3,,37.9,1,3100,10,1,1,1
"9012967",41,1,,,39.1,1,3320,4,1,1,1
"9685404",32,1,3,,40.4,2,3200,5,1,1,1
"9191388",34,,3,,40.1,1,3480,2,1,1,1
"9191839",32,,3,,38.1,1,3070,3,1,1,1
"9762331",,,,3,39.1,2,3480,10,1,1,1
"9826419",20,,3,,40.1,2,2990,10,2,1,1
"9887825",44,2,3,,38.7,1,3400,3,1,1,1
"9338379",32,1,3,,39.6,2,3030,10,1,1,0
"9400855",28,1,3,,39,2,3680,10,1,1,1
"9171727",27,1,3,,39.3,2,3130,10,9,1,0
"9688023",39,2,3,,41.1,1,4170,10,1,1,1
"9361798",37,,3,,40.1,2,4080,10,1,1,1
"9446878",33,,3,,38.1,2,3400,10,1,1,1
"9813035",30,1,3,,39.6,1,2960,10,1,1,0
"9765996",28,,3,3,40.3,2,2760,10,1,1,1
"9325449",37,1,3,,39.7,1,3190,10,1,1,1
"9827072",33,,3,,40.1,2,3690,2,1,1,1
"9660004",35,1,3,,40.7,1,3500,10,1,3,
"9096055",31,1,3,,40.9,2,3470,7,1,2,0
"9659256",29,1,3,,37.9,1,3490,10,1,1,1
"9896895",31,,3,,38,2,3400,10,1,3,
"9047078",35,1,3,,40.3,2,3900,10,1,1,1
"9210273",38,1,3,,39,1,3350,10,1,1,1
"9639373",36,,3,,40.3,2,2740,10,1,1,1
"9460023",48,2,3,,38.7,1,3230,10,1,1,1
"9816943",31,1,3,,38.3,1,4090,5,1,1,1
"9237342",39,1,3,,40,2,3720,10,1,1,1
"9871087",37,2,,,39.7,1,3310,10,1,1,1
"9449461",35,1,3,,40.4,2,4120,10,1,1,1
"9114882",35,,5,3,28,2,2460,9,1,1,1
"9899352",40,,3,,39.4,1,3430,10,1,1,1
"9564406",30,,3,,39.7,1,2960,8,1,1,1
"9399572",35,,3,,41,2,3380,2,1,1,0
"9426445",36,1,3,,40.9,2,3290,5,1,1,0
"9565009",31,1,3,,38.1,1,3200,2,1,1,0
"9309379",32,1,3,,41.3,2,4320,99,1,1,1
"9202054",33,,3,3,38,1,2600,10,1,1,1
"9608416",32,1,3,,41.1,2,3330,5,1,1,0
"9329872",34,,3,,40,2,4320,10,1,1,1
"9547126",30,1,3,,41,1,2900,10,1,1,1
"9405187",39,,3,,39.7,1,3740,10,1,2,0
"9621426",35,1,3,,39.9,1,3020,10,1,1,1
"9769781",30,,3,,40,1,4090,1,1,1,1
"9469449",34,1,3,1,39,1,2870,10,1,1,0
"9530627",35,1,3,,37.7,2,3220,3,1,1,1
"9050707",40,1,3,,36.1,1,3040,10,1,2,0
"9476680",40,1,3,,38.7,2,3770,10,1,1,1
"9701794",35,,3,,40.9,2,3500,3,9,2,0
"9572657",42,,3,,38.9,2,3220,10,1,2,0
"9331010",36,,3,,40.6,1,4550,1,1,2,0
"9687793",27,,3,,40.1,2,2890,10,1,1,1
"9115400",31,,3,,38.3,2,2740,10,1,1,0
"9416395",31,1,3,,37.4,2,3120,8,1,1,1
"9353923",33,1,3,,41.4,1,3410,10,1,2,0
"9698304",36,1,3,,39.7,2,2980,10,1,1,1
"9727569",42,2,3,,39.6,1,3230,11,1,1,0
"9536856",33,1,3,,40.1,1,3290,5,1,1,0
"9027702",,,,,40.4,1,3110,3,1,2,0
"9788876",29,1,3,,39.6,1,3620,10,2,2,0
"9266971",33,1,3,,39.4,1,3410,11,1,1,1
"9216204",33,1,3,,39.9,2,2840,2,1,2,0
"9788968",,,,,41,1,4195,11,1,1,1
"9077084",36,1,3,,40.9,2,3290,10,1,2,0
"9837523",35,1,3,,38.3,2,2740,3,1,1,0
"9681928",34,1,3,,38.4,2,3330,10,1,1,1
"9447600",31,1,3,,42.1,1,3945,1,1,1,1
"9593045",37,1,3,,39.3,2,3745,10,1,1,1
"9434601",28,1,3,,40.9,1,4260,1,1,1,1
"9895818",34,1,3,3,39.7,2,3100,8,1,3,
"9158493",34,,3,,37.9,1,4050,10,1,1,1
"9133288",37,1,3,,37.9,1,3390,8,1,3,
"9161033",38,1,3,,39.1,1,3850,1,1,2,0
"9745540",30,5,3,3,39.1,2,2890,10,1,2,0
"9091379",36,2,3,,39.9,1,3740,99,2,1,1
"9487247",26,1,3,,40.4,1,3890,10,1,2,0
"9478932",32,,3,,38.3,1,3130,10,1,1,1
"9375366",30,,3,,40,1,3030,99,1,1,0
"9610412",38,1,3,,38.7,2,2510,10,1,1,1
"9358955",,,,,40.6,1,3160,10,2,2,0
"9200679",36,,3,,39.4,2,3030,9,1,1,1
"9370342",29,,3,,40.3,2,3220,10,1,1,0
"9744154",29,1,3,,39.1,2,3230,8,1,1,0
"9459483",29,1,3,,40.4,1,3780,3,1,1,1
"9170780",29,1,3,1,35.7,1,2500,3,1,1,0
"9761802",39,1,3,,38,1,3340,3,1,1,1
"9754350",32,1,3,,39.6,2,3220,10,1,1,1
"9578002",35,1,,,40,2,3300,10,1,1,0
"9480173",33,1,3,,39.1,2,3060,6,1,1,1
"9184789",36,1,3,,39.7,2,3415,10,1,1,1
"9619629",,2,,,39,1,2640,3,1,1,1
"9029151",31,1,3,,40.3,1,3720,5,1,1,1
"9559619",33,1,3,,39.1,1,3159,10,1,1,0
"9613541",42,,3,3,38.9,1,3410,5,1,1,1
"9398134",41,2,3,,37.6,1,3080,11,1,1,1
"9334904",36,2,3,,41.9,1,3610,10,1,1,1
"9522324",,,,,39.3,2,2870,9,1,1,1
"9160726",29,1,3,,41.9,2,4715,5,1,1,1
"9751796",33,,3,,36.1,2,2170,99,1,1,0
"9009979",30,,3,,39.4,1,3530,10,1,1,1
"9447329",31,1,3,,39.1,1,3870,10,1,1,1
"9188369",30,1,5,,40.3,2,3840,99,1,1,1
"9893246",34,1,3,,39.9,1,4090,3,1,1,0
"9337539",34,1,3,,41.3,2,3070,10,1,1,1
"9110729",32,,3,,39.3,1,3270,10,2,1,1
"9802935",28,1,,,40.7,1,3250,3,1,2,0
"9146643",41,,3,,39,2,3720,1,1,1,1
"9110775",33,1,3,,38.3,1,3300,10,1,2,0
"9029152",35,1,3,,39.7,1,3900,10,1,1,1
"9542575",29,1,3,,40.4,1,3300,10,1,2,0
"9335839",42,,3,3,41,2,3520,10,1,1,0
"9501753",28,1,3,,40.1,1,3630,3,1,1,1
"9824003",41,2,3,,39.6,1,3330,10,1,2,0
"9462636",23,,3,,38.9,2,3390,10,1,1,1
"9154227",34,1,3,,39,1,2910,10,1,1,1
"9255447",29,1,3,,41.1,1,3890,10,1,1,0
"9428403",33,1,3,,34.9,2,2590,10,1,1,0
"9515868",36,1,3,,39.7,1,3740,8,1,1,1
"9297974",34,1,3,,40.1,2,3223,10,1,1,1
"9123206",39,,3,,39.4,1,3430,10,1,1,1
"9534158",35,1,1,,40,1,3365,2,1,1,1
"9433485",34,1,3,,41.3,2,3620,10,1,1,1
"9842472",33,1,3,,39.4,2,3270,10,1,1,1
"9162539",37,1,3,,40.4,1,3540,99,1,1,1
"9064996",28,1,3,,39,2,4780,10,1,1,1
"9644769",37,1,3,,38.3,2,2600,10,2,1,0
"9684869",38,1,3,,37.9,1,3250,10,1,1,1
"9662667",31,1,3,,39,1,2710,99,1,1,1
"9045574",30,,3,,38.4,1,3650,10,1,1,1
"9253762",33,1,3,,37.6,2,3030,5,1,1,1
"9185424",28,,3,,40.3,2,2890,4,1,1,1
"9094412",35,8,3,,40.3,2,3500,10,1,1,1
"9811659",25,1,3,,38.9,1,3580,5,1,1,0
"9383242",35,2,3,,39.4,1,3510,10,1,1,1
"9304245",31,,3,,39.7,2,3140,8,1,1,0
"9198859",33,2,3,,38.7,2,3390,10,1,1,1
"9347137",35,1,3,3,39,1,3200,10,1,2,0
"9671307",33,1,3,,40.6,1,2850,10,1,1,0
"9503804",31,1,3,,39.1,2,2890,9,1,1,0
"9776375",,,,,40.6,2,4470,10,1,1,1
"9035454",33,1,3,,40.1,2,4150,99,1,1,0
"9053144",33,1,3,,38.1,1,2650,8,1,1,1
"9873335",32,,3,,40,2,4150,10,1,1,1
"9800749",39,1,3,,39.9,1,3720,2,1,1,0
"9804686",36,1,3,,38.4,1,3530,10,1,1,1
"9326169",28,1,3,,39.9,1,3500,10,1,1,1
"9657338",37,1,3,,39.7,1,3350,10,2,1,1
"9220479",34,1,3,,39.4,2,3410,10,1,1,1
"9360472",31,1,3,,39.4,2,3450,10,1,1,1
"9877665",37,2,3,,38.7,2,3080,8,1,1,1
"9706620",36,1,3,,41.4,2,3710,10,1,1,1
"9711987",41,,3,,40.1,2,2840,10,1,1,1
"9763292",29,,3,,39.9,1,3250,8,1,2,0
"9744104",38,1,5,,40.6,2,3150,10,1,1,1
"9369652",33,1,3,,39,2,3400,10,1,1,1
"9037699",43,,3,,39.4,1,3100,10,1,2,0
"9517923",33,1,3,,40.6,2,3195,1,1,1,0
"9771916",39,1,3,,38,2,3240,10,1,1,1
"9609511",33,1,3,,40.3,1,3560,10,1,1,1
"9217511",34,1,3,,35.1,1,2890,10,1,1,1
"9355425",34,1,3,,40.9,2,3850,10,1,1,1
"9323376",37,1,3,,38.7,2,2960,10,1,1,1
"9419264",23,,3,,40.4,2,2990,10,1,1,1
"9266455",33,1,3,,40.6,2,3195,10,1,1,1
"9171496",31,,3,,39.4,2,2960,10,1,1,1
"9579131",31,1,3,,40.6,1,3640,8,1,1,1
"9047150",29,1,3,,39,2,3010,10,1,1,1
"9679447",29,1,3,,41.9,2,3700,10,1,1,1
"9880290",39,1,3,,40,2,4230,10,1,1,1
"9638622",28,1,3,,40.1,1,3330,10,1,1,1
"9138175",31,1,3,,38.7,1,2815,5,1,1,0
"9793762",32,,3,,41,1,3570,10,1,3,
"9311247",30,1,3,,38.9,1,3330,10,1,1,1
"9657684",43,2,3,,40.3,1,3060,10,1,1,1
"9855043",41,1,3,,38.7,1,2740,7,1,1,1
"9357828",31,,5,,39.4,2,3610,10,1,1,0
"9742923",30,2,3,,40,2,3740,10,1,1,1
"9401494",30,1,3,,40.9,1,2820,1,1,1,1
"9023877",32,2,3,,40.4,2,2980,5,1,1,1
"9536023",33,1,3,,40.4,2,3200,10,1,3,
"9576870",35,,3,,40.9,2,4060,10,1,1,1
"9669656",38,5,3,,31.7,1,3680,2,1,1,0
"9162699",35,2,3,,38.3,1,3200,10,1,2,0
"9645913",31,,3,,40.6,2,3580,10,1,1,1
"9804832",35,1,3,,37.1,2,2810,7,1,1,1
"9583586",32,,3,,38.1,1,3100,2,1,1,1
"9671982",33,1,3,,41.1,2,4140,10,1,1,1
"9895329",34,,3,3,35.3,1,2240,3,1,1,1
"9589182",28,1,3,,36.3,1,2120,10,1,1,1
"9805600",33,1,3,,37.6,1,3645,10,1,1,1
"9246165",36,1,5,,40,1,3170,10,1,1,1
"9433805",33,,3,,41.3,1,3500,99,1,1,1
"9882248",34,1,3,,39.1,1,3380,10,1,1,1
"9549617",34,1,3,,41.1,1,4140,10,1,1,1
"9721610",38,1,3,3,38.7,1,4070,2,1,1,1
"9639312",35,5,3,,39.1,1,3470,10,1,1,0
"9721932",29,1,3,,35.7,1,2700,10,1,1,1
"9783406",,,,,37.7,2,3160,6,1,1,1
"9594608",31,2,3,,38.6,2,3510,10,1,1,0
"9742253",38,1,3,,39.3,2,4200,10,1,1,0
"9511822",31,1,3,,38.6,1,2815,10,1,1,1
"9107537",30,1,3,3,39.4,2,3360,10,1,3,
"9027814",32,1,3,,39.6,1,2900,7,1,3,
"9057263",42,5,3,,39,2,3320,10,1,1,1
"9672318",35,1,3,,38.6,1,3100,10,1,1,0
"9026864",43,1,3,3,40.4,2,3230,10,1,1,1
"9187536",32,1,3,3,40.3,2,3230,10,1,1,1
"9830088",32,,,,38.1,2,3400,1,1,1,1
"9729356",36,1,3,,40,1,4200,10,1,1,0
"9645425",30,,3,,39.3,2,3880,10,1,1,1
"9277750",32,1,3,,40.1,2,3713,10,1,1,0
"9648027",35,1,3,,38.9,1,3190,10,1,1,0
"9449451",34,,3,,40,2,4310,10,1,1,1
"9397248",24,,3,,38.9,2,3390,1,1,1,1
"9379609",33,,5,,34.6,2,1860,2,1,1,1
"9805509",32,,5,,40.3,2,3340,10,2,1,1
"9013198",29,1,3,,38.6,1,2370,8,1,1,0
"9345090",37,1,3,,37.3,1,2990,10,1,1,0
"9346813",32,1,,,38,1,3560,10,1,1,0
"9668521",24,,3,,39.9,2,2890,3,1,1,1
"9028936",35,,3,,37.1,2,2170,1,1,1,1
"9406605",35,,3,,39.6,1,3140,5,1,1,1
"9289438",34,,3,,40.9,2,3500,10,2,1,1
"9318897",37,,3,,40.6,1,3400,10,1,1,1
"9027515",30,2,3,,39.6,2,3820,10,1,2,0
"9378189",27,1,3,,37.7,2,3240,10,1,1,1
"9004605",32,1,3,,39.3,2,3690,10,1,1,1
"9798757",35,,3,3,35.3,2,2240,10,1,1,1
"9267917",33,1,3,,40.1,2,3490,10,1,1,1
"9021029",33,,3,,36.1,2,2170,10,1,1,1
"9625549",36,,3,,40,1,3500,5,1,1,1
"9307489",34,1,3,,41.1,1,4170,10,1,1,1
"9753236",31,1,3,,40.3,2,3350,4,1,1,0
"9768770",32,1,3,,39.7,1,2900,10,1,1,1
"9171002",36,2,3,,41.9,1,3740,10,1,1,1
"9191696",35,2,3,,38.9,1,3220,5,1,1,1
"9558859",36,1,3,,39.3,2,3745,8,1,1,1
"9667357",28,1,,,39.4,2,4780,10,1,1,1
"9222033",39,2,3,,40.3,2,3720,6,1,1,1
"9544945",29,,3,,39.3,2,2950,9,1,2,0
"9225284",32,1,3,,38.1,1,3190,10,1,1,1
"9100557",39,1,3,,41,2,2830,10,1,1,1
"9794793",,,,,36.6,2,2610,10,1,1,1
"9674362",41,1,3,,38.9,1,3415,10,1,1,1
"9615708",34,1,3,,40.6,1,3350,10,1,2,0
"9542459",32,1,3,,40.3,1,3560,10,1,1,1
"9193188",31,1,3,,38.4,2,3300,3,1,1,1
"9613130",29,1,3,,39.9,1,3550,10,1,1,0
"9745847",37,1,3,,39.9,1,2949,10,1,1,1
"9592119",32,1,3,,38,1,3460,10,1,1,0
"9747578",35,1,,,40,2,3130,10,1,1,1
"9750753",37,8,3,,39.7,1,3190,10,1,1,1
"9764620",36,1,3,,37.9,2,3570,10,1,1,0
"9319989",33,1,3,,40.7,2,3890,8,1,1,1
"9331506",29,,3,,40.6,2,3480,10,2,1,1
"9460850",,,,,39.3,1,3250,1,1,1,1
"9282655",38,,3,,37.1,1,2815,1,1,1,0
"9342877",34,1,3,,39.1,2,3380,10,1,1,1
"9257605",32,,3,,37,2,1980,10,1,1,1
"9788837",24,,3,,40,2,3500,10,1,1,1
"9819158",34,1,3,,41,2,3540,8,1,1,1
"9892193",37,,3,,38.7,2,3250,10,1,2,0
"9061233",40,1,3,,40,1,3630,8,1,2,0
"9740656",37,1,3,3,38.9,1,3530,7,1,1,1
"9859664",33,1,3,,40,2,3530,10,1,1,0
"9500728",33,,,,40.3,1,3240,5,1,1,0
"9217989",32,1,3,,34.7,1,2020,10,1,1,1
"9897022",32,,3,,37.9,1,3000,4,1,1,0
"9735851",30,1,3,,40.9,1,3915,10,1,1,1
"9730542",37,1,3,,37.4,2,2375,10,1,1,1
"9882860",38,2,,,39.4,1,3460,9,1,1,0
"9068826",31,1,3,,40,2,3525,10,1,2,0
"9177034",28,1,,,41.4,1,4715,10,1,2,0
"9279339",30,1,3,,40.6,1,4090,10,1,2,0
"9206351",35,1,3,,40.4,2,3223,10,1,1,1
"9530650",,,3,,39,2,3330,10,1,1,1
"9701128",34,,3,,37.1,1,3140,10,1,1,0
"9272035",34,,3,,40.1,1,3290,10,1,1,1
"9290051",31,1,5,,40.3,2,3270,3,1,1,0
"9684443",40,1,3,,38.7,2,3320,11,1,1,0
"9356478",26,1,3,,40.4,2,2990,10,1,1,1
"9609693",38,1,3,,40.6,1,3830,5,1,1,1
"9860410",29,1,3,,39,1,2980,10,1,1,1
"9807430",33,1,3,,40.9,2,3520,8,1,1,1
"9548438",32,1,3,,39.9,1,3775,3,1,2,0
"9471659",27,1,3,,40.6,1,4190,10,1,1,1
"9407432",37,1,3,,37.9,1,3830,6,1,1,1
"9631435",36,1,,,40.6,1,3350,10,1,2,0
"9120856",39,2,3,,38.4,1,3230,3,1,1,1
"9644890",34,,3,,40.9,2,3500,8,1,1,1
"9833532",39,1,3,,38.6,2,2610,8,1,1,1
"9424359",35,,3,,37.1,1,2850,5,1,3,
"9792701",38,1,3,,38.1,2,2600,5,1,1,1
"9845883",34,1,3,,41,2,3515,1,1,1,1
"9137668",32,1,3,,41.1,1,3510,99,1,1,1
"9461525",33,,,,39.7,2,3360,10,1,1,1
"9603698",30,1,3,,40.6,2,3830,10,1,1,0
"9883507",32,1,3,,40.7,2,3620,9,1,1,0
"9286068",31,,3,,38.1,1,3760,10,1,2,0
"9126915",32,,3,,37.3,2,2165,10,2,1,0
"9181668",36,1,3,,39.3,1,3400,10,1,1,0
"9391647",32,1,3,,39.4,1,3790,99,1,1,1
"9814134",31,,3,,36.7,2,3030,10,1,1,1
"9001647",38,1,3,,40.4,2,3830,1,1,1,1
"9204775",41,1,3,,38.9,1,3415,6,1,3,
"9767403",33,,3,,38.6,2,2760,10,1,2,0
"9283653",30,1,3,,40.9,2,3520,2,1,2,0
"9414112",44,2,3,,37.9,2,3080,8,1,1,1
"9023162",36,1,3,,39.1,1,2930,5,1,1,1
"9812782",38,1,3,,38.1,1,3220,10,1,1,0
"9108527",,,,,39.1,2,3330,3,1,1,1
"9214858",29,1,3,,38.1,1,3288,11,1,1,1
"9611677",31,1,3,,41.1,2,3060,3,1,1,1
"9460069",30,,3,,38.4,1,3120,3,1,2,0
"9705185",33,1,3,,40.6,1,3410,8,1,1,0
"9698972",39,1,3,,39.7,1,2930,1,1,1,1
"9138407",38,2,3,,40,1,3490,3,1,1,0
"9463655",43,3,3,,39.3,1,3480,10,1,1,1
"9436709",,,,,38.4,1,2415,10,1,1,1
"9047808",34,1,3,,38.6,2,3090,10,1,1,0
"9293915",36,1,3,,39,2,2930,10,1,1,1
"9326752",33,,5,,40,1,3220,9,1,2,0
"9575660",34,1,3,,41,2,3800,10,1,1,1
"9559553",34,1,3,,38.9,1,3090,8,1,1,1
"9284088",34,1,3,,41,2,4090,5,1,1,0
"9397615",32,1,3,,39.3,1,3800,1,1,2,0
"9568866",28,1,3,,38.7,1,2980,10,1,1,1
"9709046",33,1,3,,38.9,2,3230,10,1,1,0
"9209751",32,1,2,,40.3,1,3860,10,1,1,1
"9360712",31,1,3,,39.9,2,3740,1,1,1,1
"9145609",37,1,3,,37.3,2,2550,10,1,1,1
"9062123",33,,3,,40.9,1,3680,10,1,1,1
"9730306",26,2,3,,40,1,3810,2,1,1,1
"9451078",30,1,3,,40.1,1,3450,8,1,1,0
"9647487",31,2,3,,40.4,2,3203,10,1,1,1
"9089679",,,,,38.4,1,4100,9,1,1,0
"9788175",33,1,3,,39.7,1,2850,8,1,2,0
"9409201",35,,3,,37.1,1,2620,10,1,1,1
"9025311",32,,3,,40.7,1,3410,7,1,1,1
"9602679",37,1,3,,41.3,1,3480,10,1,2,0
"9530958",34,1,3,,38.6,2,3030,2,1,1,1
"9794729",35,1,3,,38.3,1,2800,3,1,1,1
"9114310",42,1,3,,39.1,2,3360,2,1,2,0
"9002336",39,1,3,,40,2,3960,10,1,1,1
"9203736",,,,,38.4,1,4100,3,9,1,0
"9603455",37,1,3,,39.4,1,3400,10,1,1,1
"9654055",43,1,3,,39.1,2,3350,10,1,1,1
"9075596",42,1,3,,39.6,2,3455,10,1,1,0
"9143169",34,1,3,,39.1,1,4190,10,1,2,0
"9090577",33,,3,,37.4,2,3500,1,1,1,0
"9617444",31,1,3,,38.7,1,4100,8,1,1,1
"9603797",34,1,3,,38.9,2,2932,6,1,2,0
"9642014",33,1,3,,40.9,1,3850,10,1,1,0
"9779788",34,1,3,,40.3,1,3730,10,1,1,1
"9438978",36,1,,,37.1,2,3050,3,1,1,1
"9020698",29,1,3,,39.9,1,3500,10,1,1,0
"9500952",38,1,3,,40,2,3630,10,1,2,0
"9061933",31,1,3,,39.1,2,3270,6,1,1,1
"9081814",34,1,3,,41,2,4090,10,1,1,1
"9859992",36,1,3,,39,2,2730,10,1,1,1
"9651799",36,1,3,,38.6,2,3570,2,1,2,0
"9885822",28,,3,,41.3,1,4030,8,1,1,1
"9477932",35,,5,,28,1,1860,10,1,1,0
"9760269",33,1,3,,40.1,2,4150,2,1,2,0
"9318195",41,1,3,,41,1,2830,10,2,1,1
"9247647",36,1,3,,41.1,1,3540,8,1,1,1
"9484185",39,1,3,,40,2,3960,8,1,1,1
"9503280",38,1,3,,39,1,3680,10,1,1,0
"9305787",,,,,40.4,1,3570,10,1,1,1
"9587913",36,1,3,,39.6,1,3965,10,1,1,0
"9280401",34,,3,,39.4,1,3210,5,1,1,1
"9432739",30,,3,,41.4,1,3460,8,1,1,0
"9144811",37,2,3,,38.7,1,3260,10,1,1,1
"9667476",42,5,,,40.1,1,2932,5,1,1,1
"9502347",36,1,3,,39.1,1,2640,10,1,1,1
"9145819",29,,3,,40.9,2,3280,10,1,1,0
"9727246",34,1,3,,38.7,2,3560,10,1,1,1
"9376858",32,1,3,,39.6,2,3030,3,1,1,0
"9458607",34,2,3,,41.3,2,4310,10,1,1,1
"9437418",31,1,3,,42.1,2,3330,1,1,2,0
"9614127",33,1,3,,38.7,1,3140,3,1,1,1
"9350477",34,,3,,38,1,2870,10,1,1,1
"9728945",33,,3,,38,1,2650,10,1,1,1
"9281435",34,1,3,,39.6,2,2890,10,1,1,0
"9874343",31,2,3,,39,1,3430,10,1,1,1
"9288732",29,1,3,,40.3,2,3370,10,1,1,1
"9417893",38,1,3,,38,2,2600,10,1,1,1
"9647621",36,2,3,,38.7,1,3390,4,1,2,0
"9071536",32,1,3,3,40,1,3660,2,1,1,1
"9625197",28,1,3,,37.6,2,3390,10,1,1,0
"9151346",42,2,3,3,37,2,2170,8,1,1,1
"9628018",31,,3,,38,2,3870,10,1,1,1
"9394656",32,,,3,40,2,3660,3,1,1,1
"9644919",40,1,3,,38.6,2,3310,10,2,1,0
"9797590",42,,3,,38.9,1,4190,3,1,1,1
"9172414",28,,3,,40.3,2,3200,10,1,1,1
"9703896",32,2,3,,40.4,1,3010,10,1,1,1
"9558370",28,1,3,,36.3,1,3440,10,1,1,1
"9625639",36,2,3,,38.6,1,3760,10,1,3,
"9012684",38,1,3,,39.3,1,4200,5,1,3,
"9830369",35,1,3,,39.3,2,3850,10,1,2,0
"9377524",37,2,3,,39.9,1,3710,8,1,2,0
"9261601",34,1,3,,39,1,2870,10,1,2,0
"9091531",32,1,3,,41,1,3600,10,2,1,1
"9402042",33,1,3,,38.4,2,3120,10,1,1,0
"9706659",31,1,3,,38.7,2,2890,10,1,1,0
"9120179",42,1,3,,37.7,2,3580,10,1,1,0
"9723494",28,1,3,,40.1,1,3300,2,1,2,0
"9239997",33,1,3,,40,1,3220,10,1,1,0
"9041121",35,1,3,,38.6,1,2800,10,1,2,0
"9647949",29,,3,,35.3,1,2710,10,1,2,0
"9560986",35,1,3,,39,1,3180,6,1,1,0
"9412981",,,,,35.6,2,2500,2,1,1,1
"9583836",33,1,3,,40.9,2,4445,6,1,1,1
"9407945",32,1,3,,36,1,2500,10,1,1,1
"9410078",37,1,3,,39.1,2,3170,6,1,1,1
"9672470",32,,5,,40.3,2,3840,10,1,1,1
"9436531",38,1,3,,39.3,1,4200,8,1,1,1
"9216140",29,1,3,,39,1,3840,10,1,1,1
"9310106",29,,3,,38.7,2,3810,10,1,2,0
"9601915",31,,3,,39.1,1,2890,10,1,1,0
"9809240",32,1,3,,38.4,2,3030,10,1,1,1
"9276438",34,2,3,,39.1,2,3170,3,1,1,1
"9178207",33,1,3,,40.9,2,4060,8,1,1,0
"9496066",35,1,3,,38.3,1,3200,4,1,1,0
"9120883",35,1,3,,40.4,1,3544,10,1,1,1
"9855446",39,1,3,,38.9,1,3250,10,1,1,1
"9071098",27,,3,,38.4,1,2875,10,2,1,1
"9086068",35,1,3,,36.7,1,2500,1,1,1,0
"9047269",32,1,3,,38.6,1,3460,10,1,1,1
"9859952",32,,3,,39.3,2,2995,10,1,2,0
"9772231",32,1,3,,39.9,1,3775,4,1,1,1
"9447198",33,1,3,,37.9,1,2650,10,2,1,1
"9654634",34,1,3,,40.9,2,4445,9,1,2,0
"9393288",34,1,3,,40.4,2,3620,3,1,1,1
"9429591",31,1,3,,39.6,1,2900,10,1,1,1
"9180189",35,2,3,,38.3,1,3300,8,1,1,1
"9303928",43,,3,,39.9,1,2760,7,1,1,1
"9395111",32,1,3,,39.1,1,3095,10,1,1,1
"9565089",32,1,3,,39,2,3070,1,1,1,1
"9423746",32,1,3,,39.1,2,3480,10,1,1,0
"9529318",42,,3,3,39.7,1,3670,10,1,1,1
"9204461",31,1,3,,39,2,2760,10,1,1,1
"9781263",27,1,3,,39.7,2,3280,10,1,1,0
"9324294",31,2,3,,38.6,1,2910,10,1,1,1
"9547689",,,,,40,1,3570,10,1,1,1
"9669252",31,1,3,,40.7,1,3410,6,1,1,0
"9371067",36,1,3,,37.9,2,3390,3,2,1,0
"9575467",30,1,3,,37,1,3560,7,1,1,1
"9870952",29,1,3,,39.7,2,2900,99,1,1,0
"9668121",35,,3,,39.1,1,3480,5,2,1,1
"9042523",30,1,3,,40.4,1,4660,10,1,1,1
"9014880",42,2,3,,37,1,2150,10,1,2,0
"9037014",35,,,,41,1,3310,10,1,1,1
"9503211",39,,3,,38.3,2,3220,10,1,2,0
"9172000",31,1,3,,37.6,1,3110,10,1,1,1
"9279200",36,1,3,,37.9,2,3875,3,1,1,1
"9853029",,,,,40.3,1,3780,99,1,1,1
"9229303",31,1,3,,39,2,3730,10,1,1,1
"9234662",33,1,3,,40.4,2,3250,10,1,1,1
"9767680",35,1,3,,41,2,3380,2,1,1,0
"9611224",31,,3,,39,2,2770,10,1,2,0
"9306356",37,,3,,40.6,2,3700,10,1,1,1
"9034678",42,1,3,,39.6,2,3455,10,1,2,0
"9504620",41,1,,,37.6,1,3880,2,1,2,0
"9317658",33,1,3,,39,1,3180,99,1,1,1
"9302848",30,,3,,39.6,2,3820,10,1,1,1
"9168302",32,1,3,,40.1,2,3495,10,1,2,0
"9417830",35,1,,,38.6,2,2790,10,1,1,1
"9678744",34,1,3,,38.4,1,3500,10,1,1,0
"9402311",29,,3,,39.4,2,3610,8,1,1,1
"9138638",30,1,3,,39,2,2770,99,1,1,1
"9099813",51,1,3,,34.9,1,2270,10,1,1,1
"9201678",,,,3,39.1,1,3250,3,1,1,1
"9389895",32,,3,,39,1,3230,3,1,2,0
"9575898",36,2,,,40.6,1,3410,10,1,1,1
"9239685",41,1,3,3,39.1,1,3520,10,1,1,1
"9339108",36,,3,,41.1,1,3930,10,1,1,1
"9336567",43,1,3,,39.9,2,3870,10,1,2,0
"9069805",38,1,3,,40.4,2,4405,10,1,1,1
"9178340",34,,,,40.1,2,3290,5,1,2,0
"9868318",41,1,3,,39.9,1,3470,10,1,1,0
"9444655",31,1,3,,39.7,2,4320,10,1,2,0
"9845803",,,,,39.1,2,2620,10,1,1,0
"9479355",42,2,3,,39.9,1,2805,10,1,2,0
"9606031",30,1,3,,40.3,2,3540,8,1,1,0
"9260273",51,1,3,,37.7,2,2650,10,1,1,1
"9487223",30,2,3,,38,1,3120,10,1,1,1
"9368746",39,,,,39.1,1,3690,10,1,1,1
"9596134",38,1,3,,38.7,1,4070,10,1,1,1
"9293587",32,1,3,,39.7,1,3390,2,1,1,1
"9172518",35,5,3,,38,2,3220,10,1,1,1
"9600338",33,,3,,39.9,2,3030,2,1,1,0
"9296195",33,1,3,,38.6,1,3500,10,1,1,1
"9838595",33,,3,,41,1,3960,2,1,1,1
"9767544",35,1,3,,36.7,1,2740,10,1,1,1
"9340224",32,1,3,,40.7,2,3550,10,1,1,1
"9274165",34,1,,,40.1,2,3860,3,1,1,1
"9270166",35,1,3,,40.1,1,3500,3,1,1,1
"9206653",33,1,3,,41.1,2,3500,3,1,1,0
"9225001",37,1,3,,38,2,2570,2,1,2,0
"9565636",32,1,3,,39.1,1,3480,3,1,1,1
"9894357",32,1,3,,39.7,1,3170,10,1,1,1
"9792926",,,,,39.7,2,2755,10,1,1,0
"9339781",32,1,,,39.3,2,2890,5,1,1,0
"9475729",28,1,3,,39.7,2,3270,10,1,1,0
"9433716",32,1,,,40.4,1,3290,10,1,1,1
"9163896",31,1,3,,38.4,1,3760,5,1,1,1
"9605477",37,1,3,3,41.1,1,3850,10,1,1,1
"9679761",27,2,3,,38.9,1,3360,10,1,1,1
"9341986",28,1,3,,40.9,1,3340,10,1,1,1
"9546921",34,2,3,,40.9,2,4445,10,1,1,0
"9250767",29,1,3,,38.6,1,2250,10,1,1,0
"9863547",29,1,3,,39,2,2760,11,1,1,0
"9152199",30,1,3,,40.9,2,3470,10,1,1,0
"9805090",,,,,39.4,1,3460,10,1,1,1
"9793716",42,1,,,39.7,1,3455,8,1,1,1
"9460074",42,1,3,,37.7,1,3590,10,1,2,0
"9434202",29,1,3,,38.6,1,2370,8,1,1,1
"9549815",36,2,3,,41.9,1,3630,10,1,1,1
"9621702",27,2,3,,38,1,3050,10,1,2,0
"9308891",30,1,3,,41,1,3540,10,1,1,1
"9444330",31,,3,3,40.3,1,3030,6,9,1,0
"9187484",36,1,3,,38.1,2,3070,10,2,1,1
"9296035",35,1,3,,40.1,1,3300,5,1,1,1
"9102966",33,1,3,,40.3,2,3710,8,1,1,1
"9374552",31,,3,,38.3,1,3065,10,1,1,1
"9388240",42,2,3,,39.6,1,3340,3,1,1,1
"9463851",32,2,3,,39,1,3230,10,1,1,1
"9574918",35,,3,,39.6,1,3250,10,1,1,1
"9235391",39,2,3,,38.9,1,3390,10,1,1,1
"9130275",32,,3,,41.3,2,3310,6,1,1,0
"9062255",29,,3,,39.3,2,3450,11,1,1,1
"9374318",32,1,3,,40.4,1,3360,10,1,2,0
"9033030",30,1,3,,40.1,2,3690,10,1,1,0
"9215976",29,,3,,38.7,2,3180,8,1,1,1
"9611189",32,1,3,,38.3,1,3190,10,1,1,1
"9317029",35,1,3,,40.4,2,3620,9,1,1,1
"9354552",29,1,3,,39.1,2,3320,8,1,2,0
"9242898",29,1,3,,38.9,2,3050,5,1,1,1
"9127702",34,1,3,,35.1,1,2270,6,1,1,1
"9686401",32,1,3,,39,1,3270,10,1,1,1
"9560247",31,,3,,36.7,2,3062,10,1,1,1
"9056942",34,,3,,40.1,1,4040,10,1,1,1
"9189556",34,2,3,,39.9,2,3710,8,1,1,1
"9280735",33,,3,,39.9,2,3000,10,1,1,1
"9014844",33,1,3,,38.4,1,3500,10,1,1,0
"9735440",38,2,3,,38.3,2,3900,10,1,1,0
"9851711",35,,3,,40.1,2,3570,10,1,1,1
"9454947",35,1,3,,41.1,2,3340,10,1,1,1
"9794791",36,1,3,,39.9,1,3440,10,1,1,1
"9879799",35,1,3,,38.7,1,2370,4,1,1,1
"9581232",39,2,3,,39.3,2,3640,10,1,1,1
"9860293",41,2,3,,39.6,1,3330,11,1,3,
"9515476",29,1,3,,40.6,1,3600,1,1,2,0
"9330419",33,,3,,38,1,3170,10,1,1,1
"9141662",37,1,3,,37.6,1,3290,10,1,1,1
"9384719",29,1,3,,39.1,2,3150,10,1,1,0
"9185611",42,1,,3,37.3,2,3040,10,1,1,1
"9628482",30,1,3,,39.6,1,3090,3,1,3,
"9130636",,,,,39.4,1,3150,10,1,1,1
"9108375",35,1,3,,37.6,2,2620,99,1,1,1
"9237579",30,1,3,,40.4,2,3490,6,1,1,1
"9496344",32,1,3,,39.4,2,2700,8,1,1,0
"9108221",36,2,3,,38.6,2,3080,2,1,1,0
"9766452",32,1,3,,39,1,3180,10,1,1,1
"9381692",40,,3,,39.7,1,3300,11,1,1,1
"9052082",,,,3,30.7,2,1440,8,1,3,
"9172018",43,,3,,39.3,2,3090,10,1,1,1
"9207911",32,1,3,,39.4,2,4140,1,1,2,0
"9339482",34,1,3,,39.1,1,3380,5,1,3,
"9434946",36,1,3,,39.6,2,2780,10,1,1,0
"9496431",35,1,3,,39,1,3050,8,1,1,1
"9827906",28,1,3,3,40.3,1,3330,5,1,1,1
"9155525",31,,3,,39.3,2,3880,10,9,1,1
"9337860",,,,,38.6,1,4100,10,1,1,1
"9062305",32,1,3,,40.7,1,3180,3,1,1,1
"9294348",31,,,,39.7,1,3480,6,1,1,1
"9183011",27,1,3,,40.6,1,3700,10,1,1,1
"9670474",37,1,3,,40.4,2,3420,7,1,2,0
"9056049",32,1,3,,39.6,1,2900,10,1,1,0
"9530941",34,,3,,38,1,3390,6,1,1,1
"9083962",36,1,3,,39.7,2,3690,3,1,2,0
"9315574",33,1,,,39.6,1,4020,10,1,1,1
"9824285",34,1,3,,38.6,1,3670,10,1,2,0
"9338895",32,7,3,,41.1,1,4060,10,1,1,1
"9848331",36,,3,,40.7,1,4550,8,1,1,0
"9342337",,,3,,40.6,2,4080,4,1,1,0
"9351344",30,1,3,,39.9,2,3440,10,9,1,0
"9621494",35,2,3,,38.4,1,3300,1,9,1,0
"9711008",29,,3,,39.4,1,3700,1,1,1,1
