"recordid","age_mother","binge_dur_preg_mother","gest_age_baby","gender_baby","weight_grams_baby","mother_white","mother_aboriginal","mother_black","mother_south_asian","mother_asian","mother_chinese","mother_filipino","mother_hispanic","plurality_baby","ever_alcohol"
"1046890",29.4292,"no",41.1429,"female",4144,"yes","no","no","no","no","no","no","no","singleton","yes"
"1017666",34.3792,"no",38.1429,"female",3286,"yes","no","no","no","no","no","no","no","singleton","yes"
"1077030",38.8118,"no",36.8571,"male",2762,"no","no","no","yes","no","no","no","no","singleton","yes"
"1070499",29.9274,"no",38.5714,"female",2740,"no","no","no","yes","no","yes","no","no","singleton","yes"
"1025080",35.3949,"no",39.5714,"male",3655,"yes","no","no","no","no","no","no","no","singleton","yes"
"1058735",31.9644,"no",39.2857,"female",3945,"yes","no","no","no","no","no","no","no","singleton","no"
"1042558",18.1273,"no",41.1429,"male",3000,"no","no","yes","no","no","no","no","no","singleton","yes"
"1032751",27.7728,"no",38.8571,"female",3150,"no","no","yes","no","no","no","no","no","singleton","yes"
"1047886",35.3867,"no",39,"male",3390,"no","no","no","yes","no","no","no","no","singleton","yes"
"1062626",27.6715,"no",32.2857,"male",2196,"yes","no","no","yes","no","no","no","no","singleton","yes"
"1098630",30.5079,"no",42,"female",3795,"yes","no","no","no","no","no","no","no","singleton","yes"
"1030245",29.9493,"no",37.1429,"female",2269,"no","no","no","yes","no","no","no","no","singleton","no"
"1090566",31.1786,"no",40.7143,"female",3442,"no","no","no","no","no","no","no","yes","singleton","yes"
"1048535",35.05,"no",40.5714,"female",3524,"yes","no","no","no","no","no","no","no","singleton","yes"
"1085045",39.1431,"no",39.8571,"female",3420,"yes","no","no","no","no","no","no","no","singleton","yes"
"1063063",35.4387,,39.5714,"male",3600,"no","no","yes","no","no","no","no","no","singleton","yes"
"1047521",40.4819,"no",40.5714,"male",4647,"yes","no","no","no","no","no","no","no","singleton","yes"
"1019011",26.0233,"no",36.8571,"female",3242,"no","yes","no","no","no","no","no","no","singleton",
"1084544",27.5346,"no",40.2857,"male",3360,"yes","no","no","no","no","no","no","no","singleton","yes"
"1045008",34.4175,"no",40,"female",2850,,,,,,,,,"singleton","yes"
"1084584",30.4038,"no",40.4286,"male",3000,"no","no","no","yes","no","no","no","no","singleton","yes"
"1019068",40.1916,"no",38.7143,"female",4915,"yes","no","no","no","no","no","no","no","singleton","yes"
"1050804",32.334,"no",32.1429,"female",2298,"yes","no","no","yes","no","no","no","no","singleton","no"
"1090957",31.1786,"no",39,"male",4208,"yes","no","no","no","no","no","no","no","singleton","yes"
"1088113",27.5346,"no",40.2857,"female",3088,"yes","no","no","no","no","no","no","no","singleton","yes"
"1065657",32.783,"no",34.1429,"female",1976,"yes","no","no","no","no","no","no","no","singleton","yes"
"1058289",18.6448,"no",41.2857,"male",3000,"no","no","no","no","yes","no","no","no","singleton","yes"
"1065277",37.0486,"no",38.4286,"male",3695,"yes","no","no","no","no","no","no","no","singleton","yes"
"1079092",40.8241,"no",38.2857,"male",2855,"yes","no","no","no","no","no","no","no","singleton","yes"
"1030905",31.9233,"no",39.1429,"male",2920,"yes","no","no","no","no","no","no","no","singleton","no"
"1061326",28.8761,"no",41.4286,"female",2952,"no","no","no","yes","no","no","no","no","singleton","yes"
"1015759",38.8118,"no",38.7143,"male",3350,"yes","no","no","no","no","no","no","no","singleton","yes"
"1079021",29.0924,"no",41.4286,"female",3520,"yes","no","no","no","no","no","no","no","singleton","yes"
"1007623",36.1424,"no",38.1429,"male",3260,"no","no","yes","no","no","no","no","no","singleton","yes"
"1026136",31.8658,"no",39.8571,"female",4065,"yes","no","no","no","no","no","no","no","singleton","yes"
"1076099",27.373,"no",38.4286,"male",3396,"yes","no","no","no","no","no","no","no","singleton","yes"
"1069725",30.2423,"no",37.4286,"female",3675,,,,,,,,,"singleton","yes"
"1025292",34.3901,"no",38.1429,"male",3228,"yes","no","no","no","no","no","no","no","singleton","yes"
"1063523",35.3785,"no",39.8571,"female",3470,"yes","no","no","no","no","no","no","no","singleton","yes"
"1046794",33.7577,"no",39.7143,"male",3095,"yes","no","no","no","no","no","no","no","singleton","yes"
"1044195",35.0965,"no",40.1429,"female",3290,"no","no","yes","no","no","no","no","no","singleton","yes"
"1026711",39.1403,"no",39.2857,"male",3725,"no","no","yes","no","no","no","no","no","singleton","yes"
"1093270",24.4162,"no",36.1429,"male",2894,"yes","no","no","no","no","no","no","no","singleton","yes"
"1039919",30.8884,"no",40,"male",3454,"yes","no","no","no","no","no","no","no","singleton","yes"
"1081305",35.4908,"no",40.5714,"male",3095,"no","no","no","yes","no","no","no","no","singleton","yes"
"1021632",33.2704,"no",39.7143,"male",4075,"no","no","no","no","no","yes","no","no","singleton","yes"
"1013176",29.2895,"no",39.5714,"male",3430,"yes","no","no","no","no","no","no","no","singleton","yes"
"1087182",30.5079,"no",40.7143,"male",4310,"yes","no","no","no","no","no","no","no","singleton","yes"
"1075153",40.4819,"no",41.1429,"female",3730,"yes","no","no","no","no","no","no","no","singleton","yes"
"1004792",29.0568,"no",37.5714,"female",4190,"yes","no","no","no","no","no","no","no","singleton","yes"
"1018008",36.4162,"no",40,"male",3685,"yes","no","no","no","no","no","no","no","singleton","yes"
"1090856",38.3901,"no",40.5714,"female",3293,"yes","no","no","no","no","no","no","no","singleton","yes"
"1090155",29.6263,"no",34,"male",1618,"no","yes","no","no","no","no","no","no","singleton","yes"
"1077925",38.8693,"no",38.7143,"male",4915,"yes","no","no","no","no","no","no","no","singleton","yes"
"1028741",35.4634,"no",39.5714,"male",4445,"yes","no","no","no","no","no","no","no","singleton","yes"
"1099102",39.2197,"no",39.2857,"male",4205,"no","no","no","yes","no","no","no","no","singleton","no"
"1015499",33.514,"no",39.5714,"male",3344,"yes","no","no","no","no","no","no","no","singleton","yes"
"1003454",33.8125,"no",40,"male",3252,"yes","no","no","no","no","no","no","no","singleton","yes"
"1068604",29.8234,"no",40.2857,"male",3840,"no","yes","no","no","no","no","no","no","singleton","yes"
"1000754",18.5927,"no",37.1429,"male",2894,"no","yes","no","no","no","no","no","no","singleton","yes"
"1089842",37.4538,"no",41.2857,"female",2980,"no","yes","no","no","no","no","no","no","singleton","yes"
"1068215",33.8125,,37.5714,"female",3475,"yes","no","no","no","no","no","no","no","singleton","yes"
"1099809",29.0924,"no",38.4286,"male",3521,"no","no","no","no","yes","no","no","no","singleton","yes"
"1010779",32.5229,"no",39,"male",2850,,,,,,,,,"singleton","yes"
"1055546",37.9411,"no",39.7143,"male",3725,"yes","no","no","no","no","no","no","no","singleton","yes"
"1072125",24.7748,"no",39.7143,"female",3829,"yes","no","no","no","no","no","no","no","singleton","yes"
"1028618",35.1814,"no",38,"male",2938,,,,,,,,,"singleton","yes"
"1081658",30.9322,"no",36,"male",3673,"yes","no","no","no","no","no","no","no","singleton","yes"
"1046216",32.4189,"no",32.1429,"female",1618,"yes","no","no","no","no","no","no","no","singleton","no"
"1062048",32.7995,"no",40,"female",3230,,,,,,,,,"singleton","yes"
"1089909",40.3696,"no",37.4286,"female",3194,"no","no","no","no","no","yes","no","no","singleton","yes"
"1083392",29.9274,"no",41,"female",3728,"no","no","no","no","no","no","yes","no","singleton","yes"
"1069482",32.8761,"no",39,"male",4004,"yes","no","no","no","no","no","no","no","singleton","no"
"1048597",28.1424,"no",40.5714,"male",3165,"yes","no","no","no","no","no","no","no","singleton","yes"
"1066909",34.2861,"no",40.4286,"female",3662,"no","no","no","yes","no","no","no","no","singleton","yes"
"1034785",37.41,"no",37.2857,"male",3445,"yes","no","no","no","no","no","no","no","singleton",
"1013838",34.2177,"no",40,"female",3714,"no","no","yes","no","no","no","no","no","singleton","yes"
"1068856",38.2834,"no",38,"male",3154,,,,,,,,,"multiple","yes"
"1031987",28.8405,"no",39.5714,"male",3430,"no","no","no","yes","no","no","no","no","multiple","yes"
"1079127",35.603,"no",40,"male",3707,"no","no","no","no","no","yes","no","no","singleton","yes"
"1098070",21.0212,"no",37.8571,"female",4120,"yes","no","no","no","no","no","no","no","singleton","yes"
"1060520",31.6468,"no",36.8571,"female",3190,"yes","yes","no","no","no","no","no","no","singleton","yes"
"1096859",31.9535,"no",41.1429,"male",3372,"yes","no","no","no","no","no","no","no","singleton","yes"
"1014877",33.4839,"no",40.1429,"female",3725,"no","no","no","no","no","no","yes","no","singleton","no"
"1007514",35.3867,"no",39.5714,"female",3245,"yes","no","no","no","no","no","no","no","singleton","no"
"1091597",33.0623,"no",39.1429,"male",3441,"no","yes","no","no","no","no","no","no",,"yes"
"1016658",39.4524,"no",38.8571,"female",3030,,,,,,,,,"singleton","yes"
"1063157",30.1875,"no",39.7143,"female",4425,"no","no","no","yes","no","no","no","no","singleton","no"
"1004555",32.334,"no",36.5714,"female",2975,"yes","no","no","no","no","no","no","no",,"yes"
"1066390",27.8768,"no",39.4286,"male",3445,"yes","no","no","no","no","no","no","no","singleton","yes"
"1058105",28.011,"no",40,"male",3110,"no","no","yes","no","no","no","no","no","singleton","yes"
"1027900",33.0431,"no",40.7143,"male",4520,"no","no","no","no","no","yes","no","no","singleton","yes"
"1037693",35.9097,"no",31.8571,"male",1618,"yes","no","no","no","no","no","no","no","singleton","yes"
"1012362",23.5756,"no",38.8571,"female",3880,"yes","no","no","no","no","no","no","no","singleton","yes"
"1079524",27.5921,"no",40.2857,"female",3586,"yes","no","no","no","no","no","no","no","singleton","yes"
"1067969",35.0144,"no",40,"female",3286,"yes","no","no","no","no","no","no","no",,"yes"
"1092072",25.87,"no",36.8571,"male",3085,"yes","no","no","no","no","no","no","no","singleton","no"
"1062271",41.1964,"no",37.2857,"male",4634,"no","no","no","yes","no","no","no","no","singleton","yes"
"1037414",40.3559,"no",38.7143,"male",3450,"yes","no","no","no","no","no","no","no","singleton","yes"
"1069401",28.7666,"no",39.8571,"female",4660,"no","no","yes","no","no","no","no","no","singleton","yes"
"1025017",29.2731,"no",39.8571,"female",3512,"yes","no","no","no","no","no","no","no","singleton","yes"
"1074280",31.4196,"no",38,"male",3244,"no","no","yes","no","no","no","no","no","singleton","yes"
"1097138",32.3943,"no",39,"male",3880,"yes","no","no","no","no","no","no","no","singleton","yes"
"1038846",27.9808,"no",39.4286,"female",3088,"yes","no","no","no","no","no","no","no","singleton","yes"
"1055209",37.8836,"no",36.2857,"male",3115,"no","no","yes","no","no","no","no","no","singleton","yes"
"1021961",41.191,"no",37.2857,"male",3110,,,,,,,,,"singleton","yes"
"1023532",29.9849,"no",34.1429,"male",2196,"no","no","no","yes","no","no","no","no","singleton",
"1063201",29.7221,"no",40.8571,"male",4516,"no","no","no","no","no","yes","no","no","singleton","yes"
"1008987",39.3785,"no",38.7143,"female",3178,"no","yes","no","no","no","no","no","no","singleton","yes"
"1030062",32.5175,"no",40.5714,"female",4140,"yes","no","no","no","no","no","no","no","singleton","yes"
"1057362",29.9493,"no",40.2857,"male",3415,"no","no","no","no","no","yes","no","no","singleton","yes"
"1065723",27.7125,"no",40.7143,"female",3198,"no","no","yes","no","no","no","no","yes","singleton","yes"
"1004741",32.3121,"no",32.1429,"male",2010,"yes","no","no","no","no","no","no","no","singleton","yes"
"1026828",35.3949,"no",40.2857,"female",3876,"yes","no","no","no","no","no","no","no","singleton","yes"
"1083385",32.6516,"no",38.2857,"male",3570,"yes","no","no","no","yes","no","no","no","singleton","yes"
"1099722",31.4168,"no",38,"male",3910,"yes","no","no","no","no","no","no","no","singleton","yes"
"1007208",37.6016,"no",40.5714,"female",3243,"no","no","no","no","no","no","yes","no","singleton","yes"
"1093081",33.7577,"no",38,"female",3820,"no","no","yes","no","no","no","no","no","singleton","yes"
"1025646",29.9849,"no",34.7143,"male",2423,"yes","no","no","no","no","no","no","no","singleton","yes"
"1032311",32.3943,"no",39.2857,"male",3344,"no","yes","no","no","no","no","no","no","singleton","no"
"1010792",28.5448,"no",41.2857,"male",3600,"yes","no","no","no","no","no","no","no","singleton","yes"
"1064847",37.6838,"no",38.7143,"female",3798,"yes","no","no","no","no","no","no","no","singleton","yes"
"1073111",31.1622,"no",36.4286,"male",3558,"yes","no","no","no","no","no","no","no","singleton","yes"
"1035164",36.8652,"no",38.8571,"female",2985,"yes","no","no","no","no","no","no","no","singleton","no"
"1059145",38.2806,"no",40.8571,"female",2780,,,,,,,,,"singleton","yes"
"1072882",32.5092,"no",40.1429,"male",3608,"yes","no","no","no","no","no","no","no","singleton","yes"
"1004450",27.0554,"no",39.2857,"male",3336,"yes","no","no","no","no","no","no","no","singleton","yes"
"1073714",36.961,"no",36.7143,"female",2637,"no","no","no","no","no","no","no","yes","singleton","no"
"1047427",23.7262,"no",38.8571,"female",3880,,,,,,,,,"singleton","yes"
"1039439",31.4196,"no",39.1429,"male",3280,"yes","no","no","no","no","no","no","no","singleton","yes"
"1018105",38.2231,"no",39,"male",3291,"yes","no","no","yes","no","no","no","no","singleton","no"
"1063702",41.3415,"no",39.4286,"female",3475,"yes","no","no","no","no","no","no","no","singleton","yes"
"1061900",29.7467,"no",38.1429,"male",2814,"yes","no","no","no","no","no","no","no","singleton","yes"
"1049043",24.3669,"no",38.7143,"female",2845,,,,,,,,,"singleton","yes"
"1074638",34.5708,"no",38.2857,"male",3228,"yes","no","no","no","no","no","no","no","singleton","yes"
"1046970",29.9877,"no",34.1429,"male",2037,"no","no","no","no","yes","no","no","no","singleton","yes"
"1070900",32.8898,"no",41.2857,"female",2980,"no","no","yes","no","no","no","no","no","singleton","yes"
"1003992",19.5072,"no",41.1429,"male",3875,"yes","no","no","no","no","no","no","no","singleton","yes"
"1031164",39.3484,"no",38.8571,"male",3415,"no","yes","no","no","no","no","no","yes","singleton","no"
"1054946",26.768,"no",38.5714,"male",3076,"yes","no","no","no","no","no","no","yes","singleton","yes"
"1042102",26.3874,"no",41.4286,"male",3212,"no","no","no","no","no","yes","no","no","singleton","yes"
"1061116",30.0205,"no",34.7143,"male",2423,"yes","no","no","no","no","no","no","no","singleton","yes"
"1042625",35.6578,"no",39.7143,"male",3206,"yes","no","no","no","no","no","no","no","singleton","yes"
"1017642",33.0513,"no",37.7143,"female",3078,"yes","no","no","no","no","no","no","no","singleton","yes"
"1011265",31.6386,"no",37.4286,"female",4245,"yes","no","no","no","no","no","no","no","singleton","no"
"1089681",31.6934,"no",40.8571,"female",3126,"no","no","no","yes","no","no","no","no","singleton","yes"
"1094688",32.115,"no",38.5714,"male",3200,"yes","no","no","no","no","no","no","no","singleton","yes"
"1035643",33.0431,"no",29,"female",1460,,,,,,,,,"singleton","yes"
"1000770",27.5921,"no",40.2857,"female",3198,"no","no","no","yes","no","no","no","no","singleton","no"
"1067427",29.4292,"no",38.7143,"female",3545,"yes","no","no","no","no","no","no","no","singleton","yes"
"1039824",38.3901,"yes",40.1429,"male",3820,"yes","no","no","no","no","no","no","no","singleton","yes"
"1037556",33.0623,"no",29,"male",1076,"no","no","yes","no","no","no","yes","no","singleton","yes"
"1000053",32.8159,"no",39.1429,"female",2875,"yes","no","no","no","no","no","no","no","singleton","no"
"1049419",27.7344,"no",41.1429,"male",3688,"no","no","no","no","yes","no","no","no","singleton","yes"
"1044280",24.4162,"no",37.8571,"female",3035,"yes","no","no","no","no","no","no","no","singleton","yes"
"1050645",29.1499,"no",39.4286,"female",3523,"yes","no","no","no","no","no","no","no","singleton","yes"
"1047558",29.3169,"no",41.5714,"female",3795,"no","no","no","no","no","no","no","yes","singleton","no"
"1024206",35.3867,"no",39.5714,"male",4377,"yes","no","no","no","no","no","no","no","singleton","yes"
"1091700",28.8816,"no",40,"female",3900,"no","yes","no","no","no","no","no","no","singleton",
"1048904",36.5695,"no",37.4286,"female",3316,"no","yes","no","no","no","no","no","no","singleton","yes"
"1066700",29.7988,"no",40.2857,"female",3844,"no","yes","no","no","no","no","no","no","singleton","yes"
"1069338",24.2957,"no",40.4286,"male",3640,"yes","no","no","no","no","no","no","no","singleton","no"
"1078648",36.9172,"no",39.1429,"male",2647,"yes","no","no","no","no","no","no","no","singleton","yes"
"1081852",17.1499,"no",41.2857,"male",3770,"no","no","no","yes","no","no","no","no","singleton","yes"
"1071286",31.6441,"no",38.2857,"male",3690,"no","yes","no","no","no","no","no","no","singleton","yes"
"1039760",31.8385,"no",39.8571,"female",4065,,,,,,,,,"singleton","yes"
"1001265",29.8234,"no",40.2857,"male",3415,"no","no","no","no","yes","no","no","no","singleton",
"1059024",34.2669,"no",41.1429,"female",3535,"no","no","no","no","yes","no","no","no","singleton","yes"
"1045098",34.0233,"no",38.5714,"female",4082,"yes","no","no","no","no","no","no","no","singleton","no"
"1051017",35.885,"no",38.2857,"male",3569,,,,,,,,,"singleton","no"
"1005236",31.6769,"no",37.2857,"female",3689,"yes","no","no","no","no","no","no","no",,"yes"
"1009340",32.5229,"no",37.7143,"male",2784,,,,,,,,,"singleton","yes"
"1032589",34.5708,"no",38.2857,"male",4350,"yes","no","no","no","no","no","no","no","singleton","yes"
"1098960",39.7837,"no",38.5714,"male",4295,"yes","no","no","no","no","no","no","no","singleton","yes"
"1054615",25.4511,"no",40.4286,"male",3440,"no","no","no","no","no","yes","no","no","singleton","yes"
"1098784",26.1766,"no",41.4286,"female",4117,"yes","no","no","no","no","no","no","no","singleton","yes"
"1014366",33.9959,"no",38.2857,"female",3020,"yes","no","no","no","no","no","no","no","singleton","yes"
"1068304",29.2649,"no",40.5714,"male",4189,"no","no","no","no","no","yes","no","no","singleton","yes"
"1051575",34.1054,"no",38,"male",3035,"yes","no","no","no","no","no","no","no","singleton","yes"
"1043272",33.9493,"no",41,"male",3788,"yes","no","no","no","no","no","no","no","singleton","yes"
"1090917",36.5695,"no",39.7143,"male",3825,,,,,,,,,"singleton","yes"
"1023589",24.3587,"no",40,"female",3750,,,,,,,,,"singleton","no"
"1008932",24.6188,"no",37.8571,"female",3225,"no","no","yes","no","no","no","no","no","singleton","yes"
"1008533",23.5811,"no",41.1429,"female",4472,"yes","no","no","no","no","no","no","no","singleton","yes"
"1041192",31.0554,"no",40.8571,"female",4235,"yes","no","no","no","no","no","no","no","singleton","no"
"1051907",36.8652,"no",39,"female",3149,"yes","no","no","no","no","no","no","no","singleton","yes"
"1027454",31.0719,"no",38.8571,"female",3465,"yes","no","no","no","no","no","no","no","singleton","yes"
"1024562",29.4456,"no",41.1429,"female",3795,,,,,,,,,"singleton","yes"
"1049074",20.8925,"no",40.2857,"female",4472,"no","no","no","yes","no","no","no","no","singleton","yes"
"1079006",32.8159,"no",37.1429,"male",4245,"no","yes","no","no","no","yes","no","no","singleton","yes"
"1080067",30.0643,"no",40,"male",3845,"yes","no","no","no","no","no","no","no","singleton","yes"
"1019828",31.2033,"no",40,"female",3442,"yes","no","no","no","no","no","no","no","singleton","yes"
"1079419",27.1896,"no",41.4286,"female",3398,"yes","no","no","no","no","no","no","no","singleton","yes"
"1012692",27.5565,"no",39.5714,"female",4700,"no","no","no","yes","no","no","no","no","multiple","yes"
"1029252",35.1814,"no",38.2857,"male",3170,"yes","no","no","no","no","no","no","no","singleton","yes"
"1016478",34.5106,"no",37.8571,"female",3820,"yes","no","no","no","no","no","no","no",,"yes"
"1079383",23.1567,"no",37.7143,"male",3400,"yes","no","no","no","no","no","no","no","singleton","yes"
"1098151",26.0862,"no",36.8571,"female",2935,"no","no","no","no","no","no","no","yes","singleton","yes"
"1065740",36.4162,"no",40,"male",3825,"no","no","no","yes","no","no","no","no","singleton","no"
"1098675",31.499,"no",38,"female",3874,,,,,,,,,"singleton","no"
"1090813",38.1328,"no",41.2857,"male",3567,"yes","no","no","no","no","no","no","no","singleton","yes"
"1018875",35.6523,"no",39.4286,"male",3205,"yes","no","no","no","no","no","no","no","singleton","yes"
"1059800",37.4538,"no",40.2857,"male",3915,,,,,,,,,"singleton","yes"
"1054195",33.7577,"no",39.7143,"male",3252,,,,,,,,,"singleton","no"
"1017201",26.768,"no",38.4286,"male",3630,"no","no","no","no","no","no","yes","no","singleton","yes"
"1097477",29.4292,"no",39.7143,"male",5016,"yes","no","no","no","no","no","no","no","singleton","yes"
"1078088",32.4764,"no",39.2857,"female",3865,,,,,,,,,"singleton","yes"
"1002881",25.3689,"no",39.2857,"male",3336,"yes","no","no","no","no","no","no","no","singleton","yes"
"1098098",36.5366,"no",33,"male",2010,"no","no","yes","no","no","no","no","no","singleton","yes"
"1024840",35.707,"no",39.4286,"female",3770,"yes","no","no","no","no","no","no","no","singleton","yes"
"1093580",30.4832,"no",38.4286,"male",3885,"yes","no","no","no","no","no","no","no","singleton","yes"
"1029572",30.0342,"no",41,"female",3655,"yes","no","no","no","no","no","no","no","singleton","yes"
"1031283",40.8159,"no",37.2857,"female",3121,"yes","no","no","no","no","no","no","no","singleton","no"
"1048735",35.9233,"no",34.8571,"male",2612,"no","no","no","yes","no","no","no","no","singleton","no"
"1082481",34.4887,"no",37.8571,"female",3340,"no","no","no","no","yes","no","no","no","singleton","yes"
"1057015",33.9493,"no",40,"female",3580,"yes","no","no","no","no","no","no","no","singleton","no"
"1044636",34.694,"no",40,"female",3938,"no","no","yes","no","no","no","no","no","singleton","yes"
"1030848",29.065,"no",38,"male",3020,"no","no","yes","no","no","no","no","no","singleton","yes"
"1040583",34.2861,"no",41.1429,"male",4435,,,,,,,,,"singleton","yes"
"1033922",34.9897,"no",41,"female",3290,"yes","no","no","no","no","no","no","no","singleton","yes"
"1098820",27.896,"no",36,"male",3515,"yes","no","no","no","no","no","no","no","singleton","yes"
"1079548",36.8241,"no",39,"male",3880,"yes","no","no","no","no","no","no","no","singleton","no"
"1042911",28.9254,"no",39.5714,"male",4425,"yes","no","no","no","no","no","no","no","singleton","yes"
"1044581",31.7673,"no",40.2857,"male",3000,"yes","no","no","no","no","no","no","no","singleton",
"1035994",31.5373,"no",38.7143,"male",3360,"yes","no","no","no","no","no","no","no","singleton","yes"
"1010407",32.6434,"no",38.4286,"male",3670,,,,,,,,,"singleton","yes"
"1044421",26.1027,"no",37.5714,"female",3397,"no","no","no","no","no","no","no","yes","singleton","yes"
"1083793",30.2724,"no",37.5714,"female",2705,,,,,,,,,"singleton","yes"
"1091605",39.1403,"no",38.8571,"male",3716,"no","no","no","no","no","yes","no","no","singleton","yes"
"1062210",28.5448,"no",41.2857,"male",3688,"yes","no","no","no","no","no","no","no","singleton","no"
"1078034",30.9131,"no",40,"male",4100,"yes","no","no","no","no","yes","no","no","singleton","no"
"1073327",28.2957,"no",38.5714,"male",3645,"yes","no","no","no","no","no","no","no","singleton","yes"
"1047930",23.1732,"no",39,"male",3495,"yes","no","no","no","no","no","no","no","singleton","yes"
"1057197",32.2574,"no",41.2857,"male",3965,"yes","no","no","no","no","no","no","no","singleton","yes"
"1036401",33.4839,"no",37.5714,"female",3046,"yes","no","no","no","no","no","no","no","singleton","yes"
"1003065",34.5106,"no",37.8571,"male",3425,"yes","no","no","no","no","no","no","no","singleton","yes"
"1065174",24.7967,"no",40.5714,"male",3772,"no","yes","no","no","no","no","no","no","singleton","yes"
"1098368",27.7344,"no",41.1429,"male",3880,"yes","no","no","no","no","no","no","no","singleton","yes"
"1055650",33.3826,"no",40.5714,"male",4640,"yes","no","no","no","no","no","no","no","singleton","yes"
"1091634",36.7584,"no",39.7143,"male",3892,"yes","no","no","no","no","no","no","no","singleton","yes"
"1070274",27.6906,"no",39.5714,"female",3586,"yes","no","no","no","no","no","no","no","singleton","no"
"1019856",30.4175,"no",39.1429,"male",3603,"no","no","yes","no","no","no","no","no","singleton","yes"
"1032464",31.0418,"no",38,"female",3901,"no","no","no","no","no","yes","no","no","singleton","yes"
"1066055",34.2806,"no",40.4286,"male",3685,"yes","no","no","no","no","no","no","no","singleton","no"
"1077201",26.0233,"no",40.8571,"female",3950,"yes","no","no","no","no","no","no","no","singleton","yes"
"1081067",31.8823,"no",39.8571,"male",4174,"no","no","no","yes","no","no","no","no","singleton","no"
"1073050",27.6715,"no",38,"male",3840,"yes","no","no","no","no","no","no","no","singleton","yes"
"1085999",39.1403,"no",39.2857,"female",3730,"yes","no","no","no","no","no","no","no","singleton","no"
"1064958",29.5989,"no",41.2857,"male",3600,"yes","no","no","no","no","no","no","no","singleton","yes"
"1081301",31.1239,"no",41,"female",3126,"yes","no","no","no","no","no","no","no",,"yes"
"1000964",33.0185,"no",40.8571,"male",3350,"no","no","no","no","yes","no","no","no","singleton","yes"
"1090188",37.9274,"no",39.7143,"male",3725,,,,,,,,,"singleton","yes"
"1097453",38.0999,"no",40.4286,"male",3420,"no","no","no","no","no","yes","no","no","singleton","yes"
"1012367",29.8125,"no",38,"male",2861,"yes","no","no","no","no","no","no","no","singleton","yes"
"1037322",29.629,"no",38,"male",3398,"yes","no","no","no","no","no","no","no","singleton","yes"
"1055258",29.2649,"no",41.4286,"male",4200,"no","no","no","no","no","yes","no","no","singleton","yes"
"1084964",33.2704,"no",37.8571,"male",3425,"yes","no","no","no","no","no","no","no","singleton","yes"
"1071941",31.4196,"no",38.8571,"female",3746,"yes","no","no","no","no","no","no","no","singleton","yes"
"1099695",27.1896,"no",40,"female",3398,"yes","no","no","no","no","no","no","no","singleton","yes"
"1030842",39.5729,"no",37,"male",3121,"yes","no","no","no","no","no","no","no","singleton","yes"
"1038646",28.5448,"no",41.2857,"male",3900,"yes","no","no","no","no","no","no","no","singleton","yes"
"1000502",36.1095,"no",31.8571,"male",2175,"no","no","no","no","yes","no","no","no","singleton","yes"
"1005183",27.9808,"no",37.4286,"female",3123,"yes","no","no","no","no","no","no","no",,"yes"
"1092567",29.9138,"no",40.2857,"male",3345,"yes","no","no","no","no","no","no","no","singleton","yes"
"1023700",34.3628,"no",41.5714,"female",3170,"no","no","yes","no","no","no","no","no","singleton","yes"
"1093749",39.948,"no",39,"female",2975,"yes","no","no","no","no","no","no","no","singleton","yes"
"1019797",29.9302,"no",41,"female",3448,,,,,,,,,"singleton","yes"
"1050854",39.2197,"no",39.2857,"male",3725,"yes","no","no","no","no","no","no","no","singleton","yes"
"1010961",31.5264,"no",40,"male",3608,"no","no","no","no","no","no","no","yes","singleton","yes"
"1082402",32.3833,"no",39,"male",3355,"no","no","yes","no","no","no","no","no","singleton","yes"
"1076178",29.0869,"no",38,"male",3521,,,,,,,,,"singleton","yes"
"1057706",17.7769,"no",41.1429,"male",3000,"yes","no","no","no","no","no","no","no","singleton","yes"
"1050806",24.4271,"no",36.1429,"male",3659,"yes","no","no","no","no","no","no","no","singleton","yes"
"1080901",28.0548,"no",40.2857,"female",3380,"yes","no","no","no","no","no","no","no","singleton","yes"
"1010156",37.0595,"no",40.2857,"male",4040,"yes","no","no","no","no","no","no","no","singleton","yes"
"1088413",19.6249,"no",38.8571,"male",3258,"yes","no","no","no","no","no","no","no","singleton","yes"
"1061827",33.4839,"no",38.1429,"female",2810,"no","no","yes","no","no","no","no","no","singleton","yes"
"1077463",28.7666,"no",39.8571,"female",4235,"no","no","no","no","no","no","yes","no","singleton","no"
"1078616",21.0212,"no",34.7143,"female",2550,"yes","no","no","no","no","no","no","no","singleton","yes"
"1087232",27.7782,"no",37.4286,"male",3123,"no","no","no","no","no","no","no","yes","singleton","no"
"1091469",47.9726,"no",40.7143,"male",3850,,,,,,,,,"singleton","yes"
"1035271",26.768,"no",37.1429,"male",2995,"no","no","no","no","no","no","no","yes","singleton","yes"
"1043803",25.117,"no",36.1429,"male",2894,"yes","no","no","no","no","no","no","no","singleton","yes"
"1051410",33.5305,"no",40.1429,"female",3725,,,,,,,,,"singleton","yes"
"1023353",35.3539,"no",39.5714,"female",3524,"no","yes","no","no","no","no","no","no","singleton",
"1058056",38.6475,"no",40.2857,"male",3420,"yes","no","no","no","no","no","no","no","singleton","yes"
"1030664",27.0554,"no",41.7143,"female",2906,"yes","no","no","no","no","no","no","no","singleton","yes"
"1081901",31.6934,"no",34.4286,"male",2775,,,,,,,,,"singleton","no"
"1084381",31.0719,"no",40.5714,"male",3606,,,,,,,,,"singleton","yes"
"1040376",28.011,"no",40,"female",2870,"yes","no","no","no","no","no","no","no","singleton","yes"
"1014149",29.4264,"no",41.5714,"male",3570,"yes","no","no","no","no","no","no","no","singleton","yes"
"1071475",32.5092,"no",38.5714,"female",3242,"yes","no","no","no","no","no","no","no","singleton","yes"
"1009272",39.5866,"no",38.8571,"male",3193,"yes","no","no","yes","no","no","no","no","singleton","yes"
"1023638",33.0513,"no",29,"female",1110,"no","no","no","no","no","no","no","yes","singleton","yes"
"1094994",20.7173,"no",40.5714,"male",4307,"no","no","no","no","no","no","no","yes","singleton","yes"
"1070034",18.9021,"no",39.7143,"male",3205,"yes","no","no","no","no","no","no","no","singleton","yes"
"1025563",32.8159,"no",39.8571,"female",3230,"no","no","no","yes","no","no","no","no","singleton","yes"
"1001330",16.7091,"no",41.1429,"male",3235,"yes","no","no","no","no","no","no","no","singleton","yes"
"1033490",32.4545,"no",38.4286,"female",3670,"no","no","yes","no","no","no","no","no","singleton","yes"
"1044448",35.6578,"no",39.7143,"male",2965,"yes","no","no","no","no","no","no","no","singleton","yes"
"1026894",26.9706,"no",39.2857,"female",2906,"no","yes","no","no","no","no","no","no","singleton","yes"
"1024134",25.7796,"no",39.8571,"female",3460,"yes","no","no","no","no","no","no","no","singleton","yes"
"1031180",24.3176,"no",40,"female",3570,"yes","no","no","no","no","no","no","no","singleton","yes"
"1031623",41.191,"no",40.4286,"male",3977,"yes","no","no","no","no","no","no","no","singleton","yes"
"1008644",29.0568,"no",38.7143,"female",3027,"yes","no","no","no","no","no","no","no","singleton","no"
"1031672",28.8761,"no",39.8571,"male",3220,"no","no","no","no","no","yes","no","no","singleton","yes"
"1024447",35.5099,"no",41.1429,"male",3792,"yes","no","no","no","no","no","no","no","singleton","yes"
"1058072",27.384,"no",39.5714,"female",3088,"no","no","no","yes","no","no","no","no","singleton","yes"
"1000213",31.0007,"no",40.8571,"female",3730,"yes","no","no","no","no","no","no","no","singleton","no"
"1019588",31.1759,"no",40.7143,"female",3442,"yes","no","no","no","no","no","no","no","singleton",
"1007178",33.3498,"no",40.2857,"female",3230,"no","no","no","yes","no","no","no","no","singleton","yes"
"1047284",32.7556,"no",33.7143,"female",2494,"yes","no","no","no","no","no","no","no","singleton","yes"
"1087224",32.742,"no",38.4286,"male",3215,"no","no","no","yes","no","no","no","no","singleton","yes"
"1043449",28.7474,"no",41,"female",2952,"no","no","no","no","no","no","no","yes","singleton","yes"
"1076591",30.9131,"no",40.8571,"male",2965,,,,,,,,,"singleton","yes"
"1096912",33.0431,"no",29,"female",695,"no","yes","no","no","no","no","no","no","singleton","yes"
"1087104",29.7221,"no",38.1429,"male",2814,"yes","no","yes","no","no","no","no","no","singleton","yes"
"1020833",30.4038,"yes",38.8571,"female",3195,"yes","no","no","no","no","no","no","no","singleton","yes"
"1053857",29.9439,"no",38.5714,"female",3085,"yes","no","no","no","no","no","no","no","singleton","yes"
"1011297",38.5599,"no",38.8571,"female",3352,"yes","no","no","no","no","no","no","no","singleton","yes"
"1082529",29.3799,"no",37.7143,"male",3056,"yes","no","no","no","no","no","no","no","singleton","no"
"1001400",29.3662,"no",41.1429,"female",4365,"yes","no","no","no","no","no","no","no","singleton","yes"
"1040643",31.373,"no",40,"male",4083,,,,,,,,,"singleton","yes"
"1021815",18.3326,"no",39.4286,"female",3066,"no","no","yes","no","no","no","no","no","singleton","yes"
"1037275",33.2704,"no",37.2857,"female",3480,"yes","no","no","no","no","no","no","no","singleton","yes"
"1034544",29.5989,"no",39.7143,"female",3523,"no","no","no","yes","no","no","no","no","singleton","no"
"1047031",44.1123,"no",38.2857,"male",3260,"yes","no","no","no","no","no","no","no","singleton","yes"
"1044668",25.4182,"no",39.8571,"female",3750,"yes","no","no","no","no","no","no","no","singleton","yes"
"1003907",20.95,"no",41.4286,"male",3443,"yes","no","no","no","no","no","no","no","singleton","yes"
"1026527",24.4353,"no",41,"male",4450,,,,,,,,,"singleton","yes"
"1021300",28.4873,"no",40.4286,"male",3165,,,,,,,,,"singleton","yes"
"1093841",32.4901,"no",39.2857,"female",3114,"yes","no","no","no","no","no","no","no","singleton","yes"
"1057956",29.1828,"no",39,"female",3220,"yes","no","no","no","no","no","no","no","singleton","yes"
"1039573",33.9466,"no",40,"female",3140,"yes","no","no","no","no","no","no","no","singleton","yes"
"1013154",23.5017,"no",41.1429,"female",3860,"yes","no","no","no","no","no","no","no","singleton",
"1078094",19.5072,"no",37,"male",2894,"no","no","no","yes","no","no","no","no","singleton","yes"
"1099843",29.3169,"no",41.8571,"male",3900,"yes","no","no","no","no","no","no","no","singleton","yes"
"1093171",25.013,"no",41,"male",3443,,,,,,,,,"singleton","yes"
"1071410",33.0815,"no",37.7143,"female",3344,"yes","no","no","no","no","no","no","no","multiple","yes"
"1096731",31.5838,"no",37.4286,"female",3558,"yes","no","no","no","no","no","no","no","singleton","yes"
"1034521",26.4449,"no",40.5714,"female",3270,"yes","no","no","no","no","no","no","no","singleton","yes"
"1019311",35.4908,"no",39.2857,"male",4377,"yes","no","no","no","no","no","no","no","singleton","yes"
"1055858",40.0137,"no",39.7143,"male",3526,"yes","no","no","no","no","no","no","no","singleton","no"
"1095097",24.7611,"no",38.5714,"female",3045,"no","no","no","yes","no","no","no","no","singleton","yes"
"1036391",34.2861,"no",40,"male",3515,,,,,,,,,"singleton","yes"
"1014017",41.5962,"no",40.2857,"female",3420,"no","yes","no","no","no","no","no","no","multiple","yes"
"1045599",30.8255,"no",41.2857,"female",3497,,,,,,,,,"singleton","yes"
"1029301",38.3874,"no",39.2857,"male",3725,"yes","no","no","no","no","no","no","no","singleton","yes"
"1078169",33.1992,"no",38.8571,"male",3230,"yes","no","no","no","no","no","no","no","singleton","yes"
"1091643",32.3806,"no",38.4286,"male",3242,"yes","no","no","no","no","no","no","no","singleton","yes"
"1058863",36.1424,"no",40,"female",3770,,,,,,,,,"singleton","yes"
"1077697",36.8953,"no",38.2857,"female",3020,"yes","no","no","no","no","yes","no","no","singleton","yes"
"1084229",29.2868,"no",41.4286,"female",3135,,,,,,,,,"singleton","no"
"1016510",33.2704,"no",37.2857,"female",2950,"yes","no","no","no","no","no","no","no","singleton","yes"
"1049161",38.3299,"no",38.8571,"female",3610,"yes","no","no","no","no","no","no","no","singleton","yes"
"1052412",35.7235,"no",39.2857,"female",3500,"yes","no","no","no","no","no","no","no","singleton","yes"
"1064000",34.5708,"no",38.8571,"female",3770,"yes","no","no","no","no","no","no","no","singleton","yes"
"1074245",35.885,"no",39.1429,"female",3876,,,,,,,,,"singleton","no"
"1083939",30.4668,"no",39.8571,"female",3862,"yes","no","no","no","no","no","no","no","singleton","yes"
"1052972",30.4969,"no",41.1429,"female",3795,"yes","no","no","no","no","no","no","no","singleton",
"1095876",19.1321,"no",39.2857,"male",2925,"yes","no","no","no","no","no","no","no","singleton","no"
"1086828",23.1732,"no",37.7143,"female",3356,"yes","no","no","no","no","no","no","no","singleton","yes"
"1029863",32.7995,"no",33.7143,"female",2037,"yes","no","no","no","no","no","no","no","singleton","yes"
"1036514",30.7652,"no",39.5714,"female",4116,,,,,,,,,"singleton","yes"
"1090829",34.6174,"no",38.5714,"female",4735,"yes","no","no","no","no","no","no","no","singleton","yes"
"1070312",27.3402,"no",39.7143,"male",3595,"no","no","no","yes","no","no","no","no","singleton","yes"
"1017006",34.9432,"no",41,"female",4195,"no","no","no","yes","no","no","no","no","singleton","yes"
"1043323",22.8227,"no",38.2857,"male",3245,"yes","no","no","no","no","no","no","no","singleton","yes"
"1015267",26.1273,"no",40.2857,"female",3460,"no","no","no","yes","no","no","no","no","singleton","yes"
"1063366",29.9302,"no",40.2857,"male",4189,"no","no","no","no","no","no","yes","no","singleton","yes"
"1089841",36.4244,"no",39.8571,"male",3160,"yes","no","no","no","no","no","no","no","singleton","no"
"1091886",32.2574,"no",41.4286,"male",3945,"no","no","yes","no","no","no","no","no","singleton","yes"
"1066235",26.9049,"no",39.2857,"male",3440,"yes","no","no","no","no","no","no","no","singleton","no"
"1021404",33.2402,"no",38.1429,"female",3225,"yes","no","no","no","no","no","no","no","singleton","yes"
"1063679",34.2861,"no",41.1429,"female",4360,"yes","no","no","no","no","no","no","no","singleton","no"
"1023579",32.783,"no",34.1429,"female",2298,"yes","no","no","no","no","no","no","no","singleton","no"
"1068518",34.6721,"no",38.5714,"female",4082,"yes","no","no","no","no","no","no","no","singleton","no"
"1044458",30.1875,"no",39.7143,"male",3845,"yes","no","no","no","no","no","no","no","singleton","yes"
"1027745",29.7632,"no",38.7143,"female",3545,"no","no","no","no","yes","no","no","no","singleton","yes"
"1047010",30.9706,"no",38.8571,"female",3746,"yes","no","no","no","no","no","no","no","multiple","no"
"1036664",28.7666,"no",39.5714,"male",3603,"no","no","yes","no","no","no","no","no","singleton","yes"
"1084283",32.115,"no",38.5714,"female",3200,"yes","no","no","no","no","no","no","no","singleton","yes"
"1088062",27.822,"no",39.4286,"male",3603,"yes","no","no","no","no","no","no","no","singleton","yes"
"1090359",30.2615,"no",38.8571,"female",3109,"no","no","no","no","no","no","no","yes","singleton","no"
"1066748",29.9302,"no",40.2857,"male",3345,"no","yes","no","no","no","no","no","no","singleton","yes"
"1082830",29.9439,"no",38.5714,"female",3085,"yes","no","no","no","no","no","no","no","singleton","yes"
"1081511",27.2909,"no",38.5714,"female",3325,"no","no","no","no","no","yes","no","no","singleton","yes"
"1076034",28.3806,"no",38.5714,"male",3808,"yes","no","no","no","no","no","no","no","singleton","yes"
"1060403",38.8693,"yes",28.7143,"male",970,"yes","no","no","no","no","no","no","no","singleton","yes"
"1078099",28.2957,"no",38.5714,"male",3150,"yes","no","no","no","no","no","no","no","singleton","yes"
"1065456",34.3217,"no",41.5714,"female",3135,"no","no","no","no","no","no","no","yes","singleton","yes"
"1038588",27.4689,"no",40.7143,"female",3340,"yes","no","no","no","no","no","no","no","singleton","yes"
"1059056",30.4038,"no",38.7143,"female",3085,"yes","no","no","no","no","no","no","no","multiple","no"
"1032616",32.3778,"no",39.2857,"female",3865,"yes","no","no","no","no","no","no","no","singleton","yes"
"1098196",32.2574,"no",36.5714,"female",3689,"no","no","no","yes","no","no","no","no","singleton","yes"
"1076781",37.4538,"no",37.8571,"female",2220,"yes","no","no","no","no","no","no","no","singleton","no"
"1059857",31.499,"no",38,"female",3874,"yes","no","no","no","no","no","no","no","singleton","yes"
"1053830",44.1123,"no",39.7143,"male",4205,"yes","no","no","no","no","no","no","no","singleton","yes"
"1089896",33.7878,"no",40,"male",3707,"yes","no","no","no","no","yes","no","no","singleton","yes"
"1021005",30.8255,"no",41.1429,"female",4365,"no","yes","no","no","no","no","no","no","singleton","yes"
"1084975",37.065,"no",41,"female",4125,"yes","no","no","no","no","no","no","no","singleton","yes"
"1061305",38.1328,"no",39,"male",3565,"yes","no","no","no","no","no","no","no","singleton","yes"
"1038888",20.4079,"no",40.4286,"female",3205,"yes","no","no","no","no","no","no","no","singleton","yes"
"1042935",37.1116,"yes",38.4286,"female",3695,"yes","no","no","no","no","no","no","no","singleton","no"
"1049444",22.1273,"no",38.8571,"female",3669,"yes","no","no","no","no","no","no","no","singleton","yes"
"1035152",33.8836,"no",39.5714,"male",3512,"no","no","no","no","yes","no","no","no","singleton","yes"
"1015243",27.6906,"no",38.7143,"female",3808,"no","no","no","yes","no","no","no","no","singleton","yes"
"1060574",36.8652,"no",38.2857,"male",3493,"no","no","no","no","no","no","no","yes","singleton","yes"
"1030101",28.8405,"no",41,"male",4157,"no","no","yes","no","no","no","no","no","singleton","yes"
"1072455",23.5756,"no",40.7143,"male",3795,"yes","no","no","no","no","no","no","no","singleton","no"
"1094454",30.4367,"no",37.8571,"female",2705,,,,,,,,,"singleton","no"
"1010192",40.7967,"no",40.5714,"male",4647,"no","no","yes","no","no","no","no","no","singleton","yes"
"1044506",35.7125,"no",39.4286,"female",3381,"yes","no","no","no","no","no","no","no","singleton","no"
"1067509",31.5811,"no",37.4286,"male",3558,,,,,,,,,"singleton","yes"
"1018931",31.0719,"no",38.8571,"male",4345,"no","no","no","yes","no","no","no","no","singleton","no"
"1050569",38.705,"no",40.2857,"female",3243,"yes","no","no","no","no","no","no","no","singleton","yes"
"1058011",23.1732,"no",38.1429,"female",3776,"yes","no","no","no","no","no","no","no","singleton","yes"
"1094682",27.6715,"no",38.8571,"male",3645,"no","yes","no","no","no","no","no","no","singleton","yes"
"1065279",32.501,"no",37.7143,"female",2810,"yes","no","no","no","no","no","no","no","singleton","yes"
"1018979",33.9795,"no",40,"female",3317,"yes","no","no","no","no","no","no","no","singleton","no"
"1064770",37.7029,"no",38,"female",3530,"no","yes","no","no","no","no","no","no","singleton","yes"
"1076448",19.5072,"no",40,"male",3045,"yes","no","no","no","no","no","no","no","singleton","yes"
"1025501",24.8953,"no",40.1429,"female",3460,,,,,,,,,"singleton","yes"
"1019108",31.5346,"no",38.5714,"male",3113,"yes","no","no","no","no","no","no","no","multiple",
"1054771",30.1547,"no",41.1429,"female",3290,"yes","no","no","no","no","no","no","no","singleton","yes"
"1063359",25.1992,"no",39.8571,"male",3760,"yes","no","no","no","no","no","no","no","singleton","yes"
"1088363",24.6188,"no",38.5714,"female",3005,"yes","no","no","no","no","no","no","no","singleton","yes"
"1064304",29.1882,"no",41.1429,"male",3600,"no","no","no","no","no","no","no","yes","singleton","yes"
"1037296",24.2957,"no",38.7143,"female",4135,,,,,,,,,"singleton","yes"
"1066306",37.1745,"no",37.8571,"female",3092,"yes","no","no","no","no","no","no","no","singleton","yes"
"1043150",34.5708,"no",37.4286,"female",3480,"yes","no","no","no","no","no","no","no","singleton","yes"
"1047531",18.6448,"no",41.1429,"male",3875,,,,,,,,,"singleton","no"
"1086355",26.1027,"no",37.1429,"male",2269,"yes","no","no","no","no","no","no","no","singleton","yes"
"1084181",29.2895,"no",37.7143,"male",3020,"no","no","no","no","no","yes","no","no","singleton","no"
"1005817",36.1506,"no",39.7143,"female",3810,"yes","no","no","no","no","no","no","no","singleton","no"
"1011998",30.1903,"no",40,"male",5016,"no","no","yes","no","no","no","no","no","singleton","no"
"1020505",36.2765,"no",40.8571,"male",3316,"yes","no","no","no","yes","no","no","no","singleton","no"
"1055185",30.4832,"no",39,"male",3856,"yes","no","no","no","no","no","no","no","singleton","yes"
"1074246",29.8152,"no",41.1429,"male",3343,"yes","no","no","no","no","no","no","no","singleton","yes"
"1084389",33.8125,"no",41.2857,"female",3586,"yes","no","no","no","no","no","no","no","singleton","no"
"1099458",37.8508,"no",39.7143,"female",2780,"yes","no","no","no","no","no","no","no","singleton","no"
"1029954",38.2231,"no",39.7143,"male",3526,"yes","no","no","no","no","no","no","no","singleton","yes"
"1061057",29.629,"no",34,"male",2175,"yes","no","no","no","no","no","no","no","singleton","yes"
"1098734",30.4367,"no",41.1429,"female",3290,,,,,,,,,"singleton","yes"
"1059130",28.0548,"no",38.8571,"male",3732,"no","no","yes","no","no","no","no","no","singleton","yes"
"1078653",27.7125,"no",39.5714,"female",3284,"yes","no","no","no","no","no","no","no","singleton","yes"
"1070280",22.5352,"no",42,"male",3795,"yes","no","no","no","no","no","no","no","singleton","yes"
"1072258",32.4545,"no",39.2857,"male",3440,"yes","no","no","no","no","no","no","no","multiple","yes"
"1092171",30.4175,"no",37.8571,"female",3189,"no","no","no","no","no","no","no","yes","singleton","no"
"1062102",27.7125,"no",38.7143,"female",3732,"no","yes","no","no","no","no","no","no","singleton","no"
"1048975",47.9726,"no",38.2857,"male",3655,"no","yes","no","no","no","no","no","no","singleton","yes"
"1068097",27.7728,"no",40,"female",3619,"yes","no","no","no","no","no","no","no","singleton","yes"
"1086334",31.5236,"no",40,"male",3608,"no","no","no","no","yes","no","no","no","singleton","yes"
"1091445",35.4634,"no",41.1429,"male",4030,"yes","no","no","no","no","no","no","no","singleton","yes"
"1030572",24.7967,"no",39.4286,"male",4367,"yes","no","no","no","no","no","no","no","singleton","yes"
"1018866",18.6448,"no",40,"female",3205,,,,,,,,,"singleton","no"
"1059453",33.2402,"no",37.2857,"female",2950,"yes","no","no","no","no","no","no","no","singleton","yes"
"1037884",26.8036,"no",39.5714,"female",3875,"no","no","no","no","yes","no","no","no","singleton","yes"
"1087476",35.258,"no",39.1429,"male",4445,"no","no","yes","no","no","no","no","no","singleton","yes"
"1094194",31.4196,"no",40.7143,"male",4255,"yes","no","no","no","no","no","no","no","singleton","yes"
"1089531",39.8001,"no",39,"female",3254,"yes","no","no","no","no","no","no","no","singleton","yes"
"1080860",31.3374,"no",39.7143,"female",4175,,,,,,,,,"singleton","no"
"1054008",29.6263,"no",40.8571,"male",3619,"yes","no","no","no","no","no","no","no","singleton","no"
"1062262",29.7467,"no",38.1429,"male",2814,"no","no","no","no","no","no","no","yes","singleton","yes"
"1077842",41.5962,"no",41.1429,"female",3590,,,,,,,,,"singleton","yes"
"1087447",27.896,"no",37.4286,"male",3240,"no","no","yes","no","no","no","no","no","singleton","yes"
"1039014",18.1273,"no",40,"female",2925,"yes","no","no","no","no","no","no","no","singleton","yes"
"1092701",35.8412,"no",40,"female",3760,"yes","no","no","no","no","no","no","no","singleton","yes"
"1020064",31.9535,"no",39.8571,"male",3950,"yes","no","no","no","no","no","no","no","singleton","yes"
"1074784",31.8029,"no",39,"male",3355,"yes","no","no","no","no","no","no","no","singleton","no"
"1079953",32.3833,"no",39,"male",2850,"yes","no","no","no","no","no","no","no","singleton","no"
"1045319",38.5599,"no",38.8571,"male",3291,"yes","no","no","no","no","no","no","no","singleton","no"
"1071481",29.2868,"no",40.4286,"female",3296,"no","no","no","yes","no","no","no","no","singleton","yes"
"1092848",17.1499,"no",41.1429,"male",3235,"yes","no","no","no","no","no","no","no","singleton","no"
"1020381",35.8193,"no",40.2857,"male",3385,"yes","no","no","no","no","no","no","no","singleton","yes"
"1031654",31.0691,"no",39.5714,"female",3850,"yes","no","no","no","no","no","no","no","singleton","yes"
"1088641",34.7844,"no",38.7143,"female",3070,"no","no","no","no","no","no","yes","no","multiple","yes"
"1021701",34.9295,"no",40.5714,"female",3317,"yes","no","no","no","no","no","no","no","singleton","yes"
"1065232",41.191,"no",29.1429,"female",1755,"no","no","no","no","no","no","no","yes","singleton","no"
"1035352",28.95,"no",39.5714,"male",3705,"no","no","no","yes","no","no","no","no","singleton","yes"
"1069196",30.3436,"no",41.2857,"female",3290,"yes","no","no","no","no","no","no","no","singleton","yes"
"1044863",28.8734,"no",41.5714,"female",4660,"yes","no","no","no","no","no","no","no","singleton","yes"
"1045451",28.5448,"no",41,"male",4157,"yes","no","no","no","no","no","no","no","singleton","no"
"1088449",33.0623,"no",39.1429,"male",3903,"yes","no","no","no","no","no","no","no","singleton","yes"
"1012609",34.1054,"no",39.4286,"female",3650,"yes","no","no","no","no","no","no","no","singleton","yes"
"1090512",29.1882,"no",40.4286,"male",4189,"yes","no","no","no","no","no","no","no","singleton","no"
"1006769",33.2704,"no",37.2857,"female",2430,"yes","no","no","no","no","no","no","no","singleton","yes"
"1008409",29.9904,"no",40.4286,"male",3840,"yes","no","no","no","no","no","no","no","singleton","yes"
"1093218",27.896,"no",40,"female",3586,"yes","no","no","no","no","no","no","no","singleton","yes"
"1032778",26.6229,"no",39.5714,"female",3270,"yes","no","no","no","no","no","no","no","singleton","yes"
"1017190",28.2793,"no",40.2857,"female",3088,"yes","no","no","no","no","no","no","no","singleton","yes"
"1070681",33.7385,"no",38,"female",3040,"no","no","no","no","no","yes","no","no",,"yes"
"1086948",24.6735,,36.1429,"female",3242,"no","no","no","yes","no","no","no","no","singleton","yes"
"1093178",29.399,"no",41.5714,"male",3600,,,,,,,,,"singleton","yes"
"1058476",36.5065,"no",35.4286,"male",2016,"no","no","no","no","no","no","yes","no","singleton","yes"
"1086079",28.2327,"no",38.7143,"female",3645,"yes","no","no","no","no","no","no","no","singleton","yes"
"1052071",24.2957,"no",40,"male",3760,"no","no","no","no","yes","no","no","no","singleton","yes"
"1063065",36.5695,"no",41.4286,"male",3850,"yes","no","no","no","no","no","no","no","singleton","yes"
"1012852",34.3217,"no",41.1429,"female",3710,"yes","no","no","no","no","no","no","no","singleton","yes"
"1030694",18.3326,"no",40,"female",2925,"no","yes","no","no","no","no","no","no","singleton","yes"
